"equipo","modelo","modelado","gota1","gota2","gota3","lerner","epocas","exactitud","precision","precision_secundaria","f1","recall"
"GB","modelo_1","no_profunda",0.2,0.6,"NA",0.05,40,0.612962962962963,0.777611940298507,0.34390243902439,0.713698630136986,0.659493670886076
"GB","modelo_1","profunda",0.4,0.5,"0.4",0.02,40,0.607407407407407,0.773134328358209,0.336585365853659,0.70958904109589,0.655696202531646
"GB","modelo_2","no_profunda",0.4,0.5,"NA",0.01,60,0.634259259259259,0.794776119402985,0.371951219512195,0.729452054794521,0.674050632911392
"GB","modelo_2","profunda",0.2,0.4,"0.3",0.02,20,0.697222222222222,0.845522388059701,0.454878048780488,0.776027397260274,0.717088607594937
"GB","modelo_3","no_profunda",0.3,0.5,"NA",0.02,10,0.697222222222222,0.845522388059701,0.454878048780488,0.776027397260274,0.717088607594937
"GB","modelo_3","profunda",0.2,0.2,"0.4",0.02,40,0.667592592592593,0.821641791044776,0.415853658536585,0.754109589041096,0.696835443037975
"GB","modelo_4","no_profunda",0.6,0.5,"NA",0.05,10,0.638888888888889,0.798507462686567,0.378048780487805,0.732876712328767,0.677215189873418
"GB","modelo_4","profunda",0.2,0.3,"0.2",0.1,20,0.578703703703704,0.75,0.298780487804878,0.688356164383562,0.636075949367089
