"equipo","modelo","modelado","gota1","gota2","gota3","lerner","epocas","exactitud","precision","precision_secundaria","f1","recall"
"DET","modelo_1","no_profunda",0.4,0.2,"NA",0.02,20,0.61063829787234,0.664285714285714,0.531578947368421,0.67027027027027,0.676363636363636
"DET","modelo_1","profunda",0.6,0.6,"0.5",0.05,40,0.54468085106383,0.608928571428571,0.45,0.614414414414414,0.62
"DET","modelo_2","no_profunda",0.2,0.5,"NA",0.06,20,0.624468085106383,0.675892857142857,0.548684210526316,0.681981981981982,0.688181818181818
"DET","modelo_2","profunda",0.4,0.4,"0.6",0.01,10,0.673404255319149,0.716964285714286,0.60921052631579,0.723423423423423,0.73
"DET","modelo_3","no_profunda",0.2,0.5,"NA",0.03,10,0.695744680851064,0.735714285714286,0.636842105263158,0.742342342342342,0.749090909090909
"DET","modelo_3","profunda",0.2,0.3,"0.2",0.05,10,0.620212765957447,0.672321428571429,0.543421052631579,0.678378378378378,0.684545454545455
"DET","modelo_4","no_profunda",0.2,0.4,"NA",0.1,20,0.69468085106383,0.734821428571429,0.635526315789474,0.741441441441441,0.748181818181818
"DET","modelo_4","profunda",0.3,0.3,"0.4",0.05,10,0.703191489361702,0.741964285714286,0.646052631578947,0.748648648648649,0.755454545454545
