"equipo","modelo","modelado","gota1","gota2","gota3","lerner","epocas","exactitud","precision","precision_secundaria","f1","recall"
"LA","modelo_1","no_profunda",0.2,0.6,"NA",0.02,10,0.582608695652174,0.677049180327869,0.396774193548387,0.682644628099174,0.688333333333333
"LA","modelo_1","profunda",0.5,0.3,"0.4",0.05,60,0.573913043478261,0.670491803278689,0.383870967741935,0.67603305785124,0.681666666666667
"LA","modelo_2","no_profunda",0.2,0.6,"NA",0.1,20,0.577173913043478,0.672950819672131,0.388709677419355,0.678512396694215,0.684166666666667
"LA","modelo_2","profunda",0.3,0.2,"0.2",0.03,40,0.625,0.709016393442623,0.459677419354839,0.714876033057851,0.720833333333333
"LA","modelo_3","no_profunda",0.2,0.4,"NA",0.01,10,0.709782608695652,0.772950819672131,0.585483870967742,0.779338842975207,0.785833333333333
"LA","modelo_3","profunda",0.6,0.4,"0.6",0.01,10,0.697826086956522,0.763934426229508,0.567741935483871,0.770247933884297,0.776666666666667
"LA","modelo_4","no_profunda",0.3,0.5,"NA",0.03,10,0.697826086956522,0.763934426229508,0.567741935483871,0.770247933884298,0.776666666666667
"LA","modelo_4","profunda",0.2,0.4,"0.4",0.05,20,0.673913043478261,0.745901639344262,0.532258064516129,0.752066115702479,0.758333333333333
