"equipo","modelo","modelado","gota1","gota2","gota3","lerner","epocas","exactitud","precision","precision_secundaria","f1","recall"
"CHI","modelo_1","no_profunda",0.3,0.6,"NA",0.06,60,0.60990099009901,0.608163265306122,0.611538461538461,0.602020202020202,0.596
"CHI","modelo_1","profunda",0.2,0.5,"0.3",0.05,40,0.595049504950495,0.592857142857143,0.597115384615385,0.586868686868687,0.581
"CHI","modelo_2","no_profunda",0.5,0.5,"NA",0.1,20,0.530693069306931,0.526530612244898,0.534615384615385,0.521212121212121,0.516
"CHI","modelo_2","profunda",0.5,0.4,"0.4",0.01,10,0.631683168316832,0.630612244897959,0.632692307692308,0.624242424242424,0.618
"CHI","modelo_3","no_profunda",0.3,0.4,"NA",0.05,20,0.665346534653465,0.66530612244898,0.665384615384615,0.658585858585859,0.652
"CHI","modelo_3","profunda",0.5,0.3,"0.5",0.03,20,0.671287128712871,0.671428571428571,0.671153846153846,0.664646464646465,0.658
"CHI","modelo_4","no_profunda",0.2,0.5,"NA",0.06,10,0.687128712871287,0.687755102040816,0.686538461538462,0.680808080808081,0.674
"CHI","modelo_4","profunda",0.6,0.4,"0.6",0.03,40,0.667326732673267,0.66734693877551,0.667307692307692,0.660606060606061,0.654
