"equipo","modelo","modelado","gota1","gota2","gota3","lerner","epocas","exactitud","precision","precision_secundaria","f1","recall"
"SF","modelo_1","no_profunda",0.6,0.2,"NA",0.05,40,0.653333333333333,0.723529411764706,0.561538461538462,0.702857142857143,0.683333333333333
"SF","modelo_1","profunda",0.2,0.6,"0.4",0.02,20,0.662222222222222,0.731372549019608,0.571794871794872,0.71047619047619,0.690740740740741
"SF","modelo_2","no_profunda",0.2,0.6,"NA",0.03,20,0.732222222222222,0.793137254901961,0.652564102564103,0.77047619047619,0.749074074074074
"SF","modelo_2","profunda",0.2,0.4,"0.6",0.03,60,0.666666666666667,0.735294117647059,0.576923076923077,0.714285714285714,0.694444444444444
"SF","modelo_3","no_profunda",0.5,0.2,"NA",0.01,20,0.852222222222222,0.899019607843137,0.791025641025641,0.873333333333333,0.849074074074074
"SF","modelo_3","profunda",0.3,0.2,"0.4",0.03,20,0.832222222222222,0.881372549019608,0.767948717948718,0.856190476190476,0.832407407407407
"SF","modelo_4","no_profunda",0.4,0.5,"NA",0.05,10,0.814444444444444,0.865686274509804,0.747435897435897,0.840952380952381,0.817592592592593
"SF","modelo_4","profunda",0.2,0.6,"0.3",0.01,10,0.823333333333333,0.873529411764706,0.757692307692308,0.848571428571429,0.825
