"equipo","modelo","modelado","gota1","gota2","gota3","lerner","epocas","exactitud","precision","precision_secundaria","f1","recall"
"CIN","modelo_1","no_profunda",0.2,0.3,"NA",0.02,20,0.651851851851852,0.742253521126761,0.478378378378378,0.737062937062937,0.731944444444445
"CIN","modelo_1","profunda",0.2,0.6,"0.2",0.03,20,0.641666666666667,0.734507042253521,0.463513513513514,0.729370629370629,0.724305555555556
"CIN","modelo_2","no_profunda",0.6,0.5,"NA",0.03,60,0.722222222222222,0.795774647887324,0.581081081081081,0.79020979020979,0.784722222222222
"CIN","modelo_2","profunda",0.4,0.2,"0.6",0.01,10,0.72037037037037,0.794366197183099,0.578378378378378,0.788811188811189,0.783333333333333
"CIN","modelo_3","no_profunda",0.2,0.3,"NA",0.03,20,0.82037037037037,0.870422535211268,0.724324324324324,0.864335664335664,0.858333333333333
"CIN","modelo_3","profunda",0.3,0.6,"0.6",0.03,60,0.780555555555556,0.840140845070423,0.666216216216216,0.834265734265734,0.828472222222222
"CIN","modelo_4","no_profunda",0.3,0.6,"NA",0.01,20,0.79537037037037,0.851408450704225,0.687837837837838,0.845454545454545,0.839583333333333
"CIN","modelo_4","profunda",0.6,0.4,"0.4",0.03,60,0.793518518518519,0.85,0.685135135135135,0.844055944055944,0.838194444444444
