"equipo","modelo","modelado","gota1","gota2","gota3","lerner","epocas","exactitud","precision","precision_secundaria","f1","recall"
"NYG","modelo_1","no_profunda",0.2,0.5,"NA",0.05,20,0.719565217391304,0.732692307692308,0.7025,0.747058823529412,0.762
"NYG","modelo_1","profunda",0.2,0.2,"0.4",0.06,40,0.66304347826087,0.682692307692308,0.6375,0.696078431372549,0.71
"NYG","modelo_2","no_profunda",0.4,0.2,"NA",0.03,40,0.731521739130435,0.743269230769231,0.71625,0.757843137254902,0.773
"NYG","modelo_2","profunda",0.3,0.4,"0.3",0.02,20,0.709782608695652,0.724038461538462,0.69125,0.738235294117647,0.753
"NYG","modelo_3","no_profunda",0.2,0.3,"NA",0.01,60,0.733695652173913,0.745192307692308,0.71875,0.759803921568627,0.775
"NYG","modelo_3","profunda",0.3,0.4,"0.6",0.02,40,0.71304347826087,0.726923076923077,0.695,0.741176470588235,0.756
"NYG","modelo_4","no_profunda",0.3,0.2,"NA",0.05,60,0.702173913043478,0.717307692307692,0.6825,0.731372549019608,0.746
"NYG","modelo_4","profunda",0.6,0.3,"0.2",0.03,20,0.720652173913043,0.733653846153846,0.70375,0.748039215686275,0.763
