"equipo","modelo","modelado","gota1","gota2","gota3","lerner","epocas","exactitud","precision","precision_secundaria","f1","recall"
"LAC","modelo_1","no_profunda",0.2,0.2,"NA",0.01,60,0.635353535353535,0.734558823529412,0.417741935483871,0.734558823529412,0.734558823529412
"LAC","modelo_1","profunda",0.2,0.3,"0.6",0.06,40,0.587878787878788,0.7,0.341935483870968,0.7,0.7
"LAC","modelo_2","no_profunda",0.2,0.2,"NA",0.02,40,0.629292929292929,0.730147058823529,0.408064516129032,0.730147058823529,0.730147058823529
"LAC","modelo_2","profunda",0.3,0.6,"0.3",0.03,40,0.647474747474747,0.743382352941176,0.437096774193548,0.743382352941176,0.743382352941176
"LAC","modelo_3","no_profunda",0.4,0.3,"NA",0.01,20,0.762626262626263,0.827205882352941,0.620967741935484,0.827205882352941,0.827205882352941
"LAC","modelo_3","profunda",0.5,0.6,"0.5",0.01,10,0.754545454545455,0.821323529411765,0.608064516129032,0.821323529411765,0.821323529411765
"LAC","modelo_4","no_profunda",0.3,0.2,"NA",0.06,20,0.757575757575758,0.823529411764706,0.612903225806452,0.823529411764706,0.823529411764706
"LAC","modelo_4","profunda",0.4,0.3,"0.4",0.03,10,0.738383838383838,0.809558823529412,0.582258064516129,0.809558823529412,0.809558823529412
