"equipo","modelo","modelado","gota1","gota2","gota3","lerner","epocas","exactitud","precision","precision_secundaria","f1","recall"
"NO","modelo_1","no_profunda",0.4,0.6,"NA",0.01,40,0.661111111111111,0.73030303030303,0.552380952380952,0.724812030075188,0.719402985074627
"NO","modelo_1","profunda",0.6,0.5,"0.4",0.02,20,0.651851851851852,0.722727272727273,0.54047619047619,0.717293233082707,0.711940298507463
"NO","modelo_2","no_profunda",0.4,0.2,"NA",0.01,10,0.772222222222222,0.821212121212121,0.695238095238095,0.815037593984962,0.808955223880597
"NO","modelo_2","profunda",0.5,0.3,"0.2",0.02,60,0.75,0.803030303030303,0.666666666666667,0.796992481203007,0.791044776119403
"NO","modelo_3","no_profunda",0.6,0.5,"NA",0.03,20,0.799074074074074,0.843181818181818,0.729761904761905,0.836842105263158,0.830597014925373
"NO","modelo_3","profunda",0.2,0.5,"0.3",0.02,20,0.802777777777778,0.846212121212121,0.73452380952381,0.83984962406015,0.833582089552239
"NO","modelo_4","no_profunda",0.2,0.3,"NA",0.02,10,0.777777777777778,0.825757575757576,0.702380952380952,0.819548872180451,0.813432835820896
"NO","modelo_4","profunda",0.4,0.4,"0.3",0.03,10,0.768518518518518,0.818181818181818,0.69047619047619,0.81203007518797,0.805970149253731
