"equipo","modelo","modelado","gota1","gota2","gota3","lerner","epocas","exactitud","precision","precision_secundaria","f1","recall"
"DAL","modelo_1","no_profunda",0.5,0.3,"NA",0.01,10,0.620454545454545,0.683333333333333,0.545,0.662626262626263,0.643137254901961
"DAL","modelo_1","profunda",0.4,0.2,"0.3",0.06,40,0.625,0.6875,0.55,0.666666666666667,0.647058823529412
"DAL","modelo_2","no_profunda",0.2,0.3,"NA",0.03,20,0.681818181818182,0.739583333333333,0.6125,0.717171717171717,0.696078431372549
"DAL","modelo_2","profunda",0.3,0.3,"0.2",0.05,40,0.6125,0.676041666666667,0.53625,0.655555555555556,0.636274509803922
"DAL","modelo_3","no_profunda",0.5,0.2,"NA",0.05,60,0.656818181818182,0.716666666666667,0.585,0.694949494949495,0.674509803921569
"DAL","modelo_3","profunda",0.6,0.3,"0.4",0.02,40,0.697727272727273,0.754166666666667,0.63,0.731313131313131,0.709803921568627
"DAL","modelo_4","no_profunda",0.6,0.2,"NA",0.03,60,0.707954545454546,0.763541666666667,0.64125,0.74040404040404,0.718627450980392
"DAL","modelo_4","profunda",0.6,0.4,"0.3",0.05,10,0.671590909090909,0.730208333333333,0.60125,0.708080808080808,0.687254901960784
