"equipo","modelo","modelado","gota1","gota2","gota3","lerner","epocas","exactitud","precision","precision_secundaria","f1","recall"
"ARI","modelo_1","no_profunda",0.4,0.4,"NA",0.05,60,0.636607142857143,0.738513513513513,0.438157894736842,0.728666666666667,0.719078947368421
"ARI","modelo_1","profunda",0.3,0.6,"0.3",0.05,60,0.622321428571429,0.727702702702703,0.417105263157895,0.718,0.708552631578947
"ARI","modelo_2","no_profunda",0.4,0.2,"NA",0.05,40,0.655357142857143,0.752702702702703,0.465789473684211,0.742666666666667,0.732894736842105
"ARI","modelo_2","profunda",0.3,0.2,"0.3",0.02,20,0.653571428571429,0.751351351351351,0.463157894736842,0.741333333333333,0.731578947368421
"ARI","modelo_3","no_profunda",0.5,0.5,"NA",0.02,20,0.702678571428571,0.788513513513514,0.535526315789474,0.778,0.767763157894737
"ARI","modelo_3","profunda",0.2,0.2,"0.2",0.02,20,0.7,0.786486486486486,0.531578947368421,0.776,0.765789473684211
"ARI","modelo_4","no_profunda",0.2,0.3,"NA",0.02,20,0.695535714285714,0.783108108108108,0.525,0.772666666666667,0.7625
"ARI","modelo_4","profunda",0.2,0.4,"0.4",0.03,60,0.708035714285714,0.792567567567568,0.543421052631579,0.782,0.77171052631579
