"equipo","modelo","modelado","gota1","gota2","gota3","lerner","epocas","exactitud","precision","precision_secundaria","f1","recall"
"ATL","modelo_1","no_profunda",0.3,0.4,"NA",0.1,60,0.601980198019802,0.540425531914894,0.655555555555556,0.558241758241758,0.577272727272727
"ATL","modelo_1","profunda",0.2,0.2,"0.6",0.06,40,0.613861386138614,0.553191489361702,0.666666666666667,0.571428571428571,0.590909090909091
"ATL","modelo_2","no_profunda",0.5,0.6,"NA",0.02,20,0.644554455445545,0.586170212765957,0.69537037037037,0.605494505494506,0.626136363636364
"ATL","modelo_2","profunda",0.2,0.3,"0.4",0.05,20,0.598019801980198,0.536170212765957,0.651851851851852,0.553846153846154,0.572727272727273
"ATL","modelo_3","no_profunda",0.2,0.4,"NA",0.03,10,0.676237623762376,0.620212765957447,0.725,0.640659340659341,0.6625
"ATL","modelo_3","profunda",0.2,0.2,"0.6",0.06,40,0.627722772277228,0.568085106382979,0.67962962962963,0.586813186813187,0.606818181818182
"ATL","modelo_4","no_profunda",0.2,0.4,"NA",0.03,10,0.725742574257426,0.673404255319149,0.771296296296296,0.695604395604396,0.719318181818182
"ATL","modelo_4","profunda",0.2,0.3,"0.4",0.05,20,0.691089108910891,0.636170212765957,0.738888888888889,0.657142857142857,0.679545454545455
