"equipo","modelo","modelado","gota1","gota2","gota3","lerner","epocas","exactitud","precision","precision_secundaria","f1","recall"
"DEN","modelo_1","no_profunda",0.2,0.5,"NA",0.06,60,0.575,0.693333333333333,0.377777777777778,0.670967741935484,0.65
"DEN","modelo_1","profunda",0.2,0.3,"0.3",0.03,40,0.5875,0.703333333333333,0.394444444444444,0.680645161290322,0.659375
"DEN","modelo_2","no_profunda",0.5,0.2,"NA",0.05,40,0.663541666666667,0.764166666666667,0.495833333333333,0.739516129032258,0.71640625
"DEN","modelo_2","profunda",0.2,0.3,"0.6",0.06,40,0.641666666666667,0.746666666666667,0.466666666666667,0.72258064516129,0.7
"DEN","modelo_3","no_profunda",0.3,0.2,"NA",0.01,10,0.741666666666667,0.826666666666667,0.6,0.8,0.775
"DEN","modelo_3","profunda",0.3,0.2,"0.5",0.02,10,0.692708333333333,0.7875,0.534722222222222,0.762096774193548,0.73828125
"DEN","modelo_4","no_profunda",0.3,0.5,"NA",0.01,10,0.66875,0.768333333333333,0.502777777777778,0.743548387096774,0.7203125
"DEN","modelo_4","profunda",0.2,0.3,"0.2",0.06,20,0.689583333333333,0.785,0.530555555555556,0.759677419354839,0.7359375
