"equipo","modelo","modelado","gota1","gota2","gota3","lerner","epocas","exactitud","precision","precision_secundaria","f1","recall"
"NE","modelo_1","no_profunda",0.3,0.2,"NA",0.05,40,0.616504854368932,0.65948275862069,0.561111111111111,0.65948275862069,0.65948275862069
"NE","modelo_1","profunda",0.3,0.4,"0.4",0.06,60,0.585436893203883,0.631896551724138,0.525555555555556,0.631896551724138,0.631896551724138
"NE","modelo_2","no_profunda",0.6,0.2,"NA",0.05,60,0.599029126213592,0.643965517241379,0.541111111111111,0.643965517241379,0.643965517241379
"NE","modelo_2","profunda",0.2,0.3,"0.4",0.02,20,0.648543689320388,0.687931034482759,0.597777777777778,0.687931034482759,0.687931034482759
"NE","modelo_3","no_profunda",0.6,0.6,"NA",0.01,20,0.699029126213592,0.732758620689655,0.655555555555556,0.732758620689655,0.732758620689655
"NE","modelo_3","profunda",0.5,0.6,"0.3",0.02,40,0.678640776699029,0.714655172413793,0.632222222222222,0.714655172413793,0.714655172413793
"NE","modelo_4","no_profunda",0.2,0.2,"NA",0.03,10,0.747572815533981,0.775862068965517,0.711111111111111,0.775862068965517,0.775862068965517
"NE","modelo_4","profunda",0.2,0.3,"0.2",0.06,60,0.683495145631068,0.718965517241379,0.637777777777778,0.718965517241379,0.718965517241379
