"equipo","modelo","modelado","gota1","gota2","gota3","lerner","epocas","exactitud","precision","precision_secundaria","f1","recall"
"TEN","modelo_1","no_profunda",0.3,0.2,"NA",0.1,40,0.560975609756098,0.473684210526316,0.636363636363636,0.5,0.529411764705882
"TEN","modelo_1","profunda",0.2,0.4,"0.3",0.03,10,0.537804878048781,0.448684210526316,0.614772727272727,0.473611111111111,0.501470588235294
"TEN","modelo_2","no_profunda",0.4,0.5,"NA",0.02,10,0.636585365853659,0.555263157894737,0.706818181818182,0.586111111111111,0.620588235294118
"TEN","modelo_2","profunda",0.2,0.3,"0.5",0.03,10,0.628048780487805,0.546052631578947,0.698863636363636,0.576388888888889,0.610294117647059
"TEN","modelo_3","no_profunda",0.2,0.3,"NA",0.05,20,0.632926829268293,0.551315789473684,0.703409090909091,0.581944444444444,0.616176470588235
"TEN","modelo_3","profunda",0.3,0.5,"0.4",0.01,60,0.642682926829268,0.561842105263158,0.7125,0.593055555555556,0.627941176470588
"TEN","modelo_4","no_profunda",0.3,0.3,"NA",0.06,40,0.620731707317073,0.538157894736842,0.692045454545455,0.568055555555556,0.601470588235294
"TEN","modelo_4","profunda",0.3,0.3,"0.2",0.06,40,0.642682926829268,0.561842105263158,0.7125,0.593055555555556,0.627941176470588
