"equipo","modelo","modelado","gota1","gota2","gota3","lerner","epocas","exactitud","precision","precision_secundaria","f1","recall"
"MIN","modelo_1","no_profunda",0.6,0.4,"NA",0.06,20,0.568421052631579,0.663934426229508,0.397058823529412,0.663934426229508,0.663934426229508
"MIN","modelo_1","profunda",0.6,0.3,"0.4",0.05,60,0.562105263157895,0.659016393442623,0.388235294117647,0.659016393442623,0.659016393442623
"MIN","modelo_2","no_profunda",0.5,0.4,"NA",0.02,20,0.651578947368421,0.728688524590164,0.513235294117647,0.728688524590164,0.728688524590164
"MIN","modelo_2","profunda",0.2,0.4,"0.3",0.03,20,0.642105263157895,0.721311475409836,0.5,0.721311475409836,0.721311475409836
"MIN","modelo_3","no_profunda",0.3,0.6,"NA",0.06,20,0.682105263157895,0.752459016393443,0.555882352941176,0.752459016393443,0.752459016393443
"MIN","modelo_3","profunda",0.2,0.2,"0.6",0.05,10,0.643157894736842,0.722131147540984,0.501470588235294,0.722131147540984,0.722131147540984
"MIN","modelo_4","no_profunda",0.3,0.4,"NA",0.03,60,0.662105263157895,0.736885245901639,0.527941176470588,0.736885245901639,0.736885245901639
"MIN","modelo_4","profunda",0.2,0.3,"0.6",0.02,10,0.682105263157895,0.752459016393443,0.555882352941176,0.752459016393443,0.752459016393443
