"equipo","modelo","modelado","gota1","gota2","gota3","lerner","epocas","exactitud","precision","precision_secundaria","f1","recall"
"CLE","modelo_1","no_profunda",0.2,0.3,"NA",0.06,40,0.666336633663366,0.710377358490566,0.617708333333333,0.690825688073395,0.672321428571429
"CLE","modelo_1","profunda",0.3,0.5,"0.4",0.03,40,0.665346534653465,0.709433962264151,0.616666666666667,0.689908256880734,0.671428571428571
"CLE","modelo_2","no_profunda",0.5,0.3,"NA",0.03,20,0.694059405940594,0.736792452830189,0.646875,0.71651376146789,0.697321428571429
"CLE","modelo_2","profunda",0.2,0.3,"0.2",0.02,60,0.721782178217822,0.763207547169811,0.676041666666667,0.742201834862385,0.722321428571429
"CLE","modelo_3","no_profunda",0.2,0.6,"NA",0.03,10,0.71980198019802,0.761320754716981,0.673958333333333,0.740366972477064,0.720535714285714
"CLE","modelo_3","profunda",0.6,0.3,"0.6",0.01,60,0.745544554455446,0.785849056603774,0.701041666666667,0.764220183486239,0.74375
"CLE","modelo_4","no_profunda",0.2,0.4,"NA",0.1,40,0.652475247524752,0.697169811320755,0.603125,0.677981651376147,0.659821428571429
"CLE","modelo_4","profunda",0.3,0.2,"0.3",0.05,10,0.69009900990099,0.733018867924528,0.642708333333333,0.712844036697248,0.69375
