"equipo","modelo","modelado","gota1","gota2","gota3","lerner","epocas","exactitud","precision","precision_secundaria","f1","recall"
"KC","modelo_1","no_profunda",0.2,0.6,"NA",0.05,20,0.641346153846154,0.723972602739726,0.446774193548387,0.739160839160839,0.755
"KC","modelo_1","profunda",0.3,0.3,"0.3",0.03,20,0.644230769230769,0.726027397260274,0.451612903225806,0.741258741258741,0.757142857142857
"KC","modelo_2","no_profunda",0.3,0.3,"NA",0.01,60,0.693269230769231,0.760958904109589,0.533870967741935,0.776923076923077,0.793571428571429
"KC","modelo_2","profunda",0.4,0.3,"0.5",0.03,40,0.706730769230769,0.770547945205479,0.556451612903226,0.786713286713287,0.803571428571429
"KC","modelo_3","no_profunda",0.4,0.2,"NA",0.01,20,0.782692307692308,0.824657534246575,0.683870967741935,0.841958041958042,0.86
"KC","modelo_3","profunda",0.4,0.4,"0.6",0.02,20,0.755769230769231,0.805479452054795,0.638709677419355,0.822377622377622,0.84
"KC","modelo_4","no_profunda",0.5,0.6,"NA",0.02,20,0.746153846153846,0.798630136986301,0.62258064516129,0.815384615384615,0.832857142857143
"KC","modelo_4","profunda",0.3,0.2,"0.5",0.03,20,0.744230769230769,0.797260273972603,0.619354838709677,0.813986013986014,0.831428571428571
