"equipo","modelo","modelado","gota1","gota2","gota3","lerner","epocas","exactitud","precision","precision_secundaria","f1","recall"
"MIA","modelo_1","no_profunda",0.2,0.2,"NA",0.06,40,0.636274509803922,0.738059701492537,0.441428571428571,0.727205882352941,0.716666666666667
"MIA","modelo_1","profunda",0.2,0.5,"0.6",0.05,40,0.612745098039216,0.720149253731343,0.407142857142857,0.709558823529412,0.699275362318841
"MIA","modelo_2","no_profunda",0.3,0.3,"NA",0.05,20,0.659803921568627,0.755970149253731,0.475714285714286,0.744852941176471,0.734057971014493
"MIA","modelo_2","profunda",0.6,0.5,"0.6",0.01,20,0.674509803921569,0.767164179104478,0.497142857142857,0.755882352941176,0.744927536231884
"MIA","modelo_3","no_profunda",0.2,0.4,"NA",0.02,10,0.684313725490196,0.774626865671642,0.511428571428571,0.763235294117647,0.752173913043478
"MIA","modelo_3","profunda",0.3,0.4,"0.2",0.02,20,0.687254901960784,0.776865671641791,0.515714285714286,0.765441176470588,0.754347826086956
"MIA","modelo_4","no_profunda",0.6,0.3,"NA",0.05,40,0.706862745098039,0.791791044776119,0.544285714285714,0.780147058823529,0.768840579710145
"MIA","modelo_4","profunda",0.5,0.2,"0.6",0.03,20,0.715686274509804,0.798507462686567,0.557142857142857,0.786764705882353,0.77536231884058
