"equipo","modelo","modelado","gota1","gota2","gota3","lerner","epocas","exactitud","precision","precision_secundaria","f1","recall"
"BAL","modelo_1","no_profunda",0.4,0.6,"NA",0.01,40,0.585148514851485,0.634821428571429,0.523333333333333,0.629203539823009,0.623684210526316
"BAL","modelo_1","profunda",0.6,0.5,"0.2",0.02,60,0.595049504950495,0.64375,0.534444444444444,0.638053097345133,0.632456140350877
"BAL","modelo_2","no_profunda",0.2,0.2,"NA",0.06,20,0.651485148514852,0.694642857142857,0.597777777777778,0.688495575221239,0.682456140350877
"BAL","modelo_2","profunda",0.2,0.3,"0.3",0.05,20,0.63960396039604,0.683928571428571,0.584444444444444,0.67787610619469,0.671929824561403
"BAL","modelo_3","no_profunda",0.2,0.3,"NA",0.02,10,0.78019801980198,0.810714285714286,0.742222222222222,0.80353982300885,0.796491228070175
"BAL","modelo_3","profunda",0.2,0.2,"0.4",0.02,10,0.765346534653465,0.797321428571429,0.725555555555556,0.790265486725664,0.783333333333333
"BAL","modelo_4","no_profunda",0.3,0.2,"NA",0.06,10,0.736633663366337,0.771428571428571,0.693333333333333,0.764601769911504,0.757894736842105
"BAL","modelo_4","profunda",0.3,0.6,"0.5",0.02,20,0.769306930693069,0.800892857142857,0.73,0.793805309734513,0.786842105263158
