"equipo","modelo","modelado","gota1","gota2","gota3","lerner","epocas","exactitud","precision","precision_secundaria","f1","recall"
"PHI","modelo_1","no_profunda",0.2,0.4,"NA",0.03,40,0.590909090909091,0.643518518518518,0.527777777777778,0.631818181818182,0.620535714285714
"PHI","modelo_1","profunda",0.2,0.3,"0.5",0.05,60,0.588888888888889,0.641666666666667,0.525555555555556,0.63,0.61875
"PHI","modelo_2","no_profunda",0.3,0.2,"NA",0.06,60,0.591919191919192,0.644444444444444,0.528888888888889,0.632727272727273,0.621428571428571
"PHI","modelo_2","profunda",0.4,0.3,"0.6",0.01,10,0.606060606060606,0.657407407407407,0.544444444444444,0.645454545454546,0.633928571428571
"PHI","modelo_3","no_profunda",0.2,0.4,"NA",0.01,10,0.65959595959596,0.706481481481481,0.603333333333333,0.693636363636364,0.68125
"PHI","modelo_3","profunda",0.3,0.3,"0.2",0.02,10,0.629292929292929,0.678703703703704,0.57,0.666363636363636,0.654464285714286
"PHI","modelo_4","no_profunda",0.3,0.2,"NA",0.1,20,0.653535353535354,0.700925925925926,0.596666666666667,0.688181818181818,0.675892857142857
"PHI","modelo_4","profunda",0.3,0.4,"0.4",0.02,60,0.671717171717172,0.717592592592593,0.616666666666667,0.704545454545455,0.691964285714286
