"equipo","modelo","modelado","gota1","gota2","gota3","lerner","epocas","exactitud","precision","precision_secundaria","f1","recall"
"WAS","modelo_1","no_profunda",0.3,0.2,"NA",0.05,10,0.641071428571429,0.716901408450704,0.509756097560976,0.716901408450704,0.716901408450704
"WAS","modelo_1","profunda",0.3,0.6,"0.5",0.01,20,0.646428571428571,0.72112676056338,0.517073170731707,0.72112676056338,0.72112676056338
"WAS","modelo_2","no_profunda",0.5,0.3,"NA",0.06,60,0.654464285714286,0.727464788732394,0.528048780487805,0.727464788732394,0.727464788732394
"WAS","modelo_2","profunda",0.6,0.6,"0.3",0.02,20,0.684821428571429,0.751408450704225,0.569512195121951,0.751408450704225,0.751408450704225
"WAS","modelo_3","no_profunda",0.4,0.2,"NA",0.03,40,0.738392857142857,0.793661971830986,0.642682926829268,0.793661971830986,0.793661971830986
"WAS","modelo_3","profunda",0.3,0.3,"0.3",0.01,60,0.749107142857143,0.802112676056338,0.657317073170732,0.802112676056338,0.802112676056338
"WAS","modelo_4","no_profunda",0.5,0.6,"NA",0.02,10,0.760714285714286,0.811267605633803,0.673170731707317,0.811267605633803,0.811267605633803
"WAS","modelo_4","profunda",0.6,0.5,"0.6",0.03,20,0.745535714285714,0.799295774647887,0.652439024390244,0.799295774647887,0.799295774647887
