"equipo","modelo","modelado","gota1","gota2","gota3","lerner","epocas","exactitud","precision","precision_secundaria","f1","recall"
"TB","modelo_1","no_profunda",0.2,0.4,"NA",0.02,40,0.680909090909091,0.785064935064935,0.437878787878788,0.775,0.765189873417721
"TB","modelo_1","profunda",0.3,0.4,"0.2",0.02,60,0.682727272727273,0.786363636363636,0.440909090909091,0.776282051282051,0.766455696202532
"TB","modelo_2","no_profunda",0.2,0.3,"NA",0.01,40,0.688181818181818,0.79025974025974,0.45,0.780128205128205,0.770253164556962
"TB","modelo_2","profunda",0.2,0.3,"0.6",0.01,10,0.678181818181818,0.783116883116883,0.433333333333333,0.773076923076923,0.763291139240506
"TB","modelo_3","no_profunda",0.4,0.5,"NA",0.06,60,0.731818181818182,0.821428571428572,0.522727272727273,0.810897435897436,0.800632911392405
"TB","modelo_3","profunda",0.4,0.6,"0.4",0.01,20,0.740909090909091,0.827922077922078,0.537878787878788,0.817307692307692,0.806962025316456
"TB","modelo_4","no_profunda",0.3,0.2,"NA",0.02,10,0.751818181818182,0.835714285714286,0.556060606060606,0.825,0.814556962025316
"TB","modelo_4","profunda",0.5,0.5,"0.3",0.03,40,0.760909090909091,0.842207792207792,0.571212121212121,0.831410256410256,0.820886075949367
