"equipo","modelo","modelado","gota1","gota2","gota3","lerner","epocas","exactitud","precision","precision_secundaria","f1","recall"
"PIT","modelo_1","no_profunda",0.4,0.6,"NA",0.05,40,0.62,0.729365079365079,0.4046875,0.71796875,0.706923076923077
"PIT","modelo_1","profunda",0.3,0.4,"0.6",0.03,10,0.573684210526316,0.694444444444444,0.3359375,0.68359375,0.673076923076923
"PIT","modelo_2","no_profunda",0.3,0.4,"NA",0.01,20,0.741052631578947,0.820634920634921,0.584375,0.8078125,0.795384615384615
"PIT","modelo_2","profunda",0.2,0.2,"0.3",0.05,40,0.678947368421053,0.773809523809524,0.4921875,0.76171875,0.75
"PIT","modelo_3","no_profunda",0.4,0.2,"NA",0.05,40,0.702105263157895,0.791269841269841,0.5265625,0.77890625,0.766923076923077
"PIT","modelo_3","profunda",0.3,0.5,"0.5",0.02,10,0.706315789473684,0.794444444444444,0.5328125,0.78203125,0.77
"PIT","modelo_4","no_profunda",0.2,0.3,"NA",0.1,10,0.64,0.744444444444444,0.434375,0.7328125,0.721538461538462
"PIT","modelo_4","profunda",0.2,0.6,"0.5",0.03,10,0.661052631578947,0.76031746031746,0.465625,0.7484375,0.736923076923077
