"equipo","modelo","modelado","gota1","gota2","gota3","lerner","epocas","exactitud","precision","precision_secundaria","f1","recall"
"JAX","modelo_1","no_profunda",0.2,0.6,"NA",0.03,60,0.605607476635514,0.651612903225806,0.542222222222222,0.656910569105691,0.662295081967213
"JAX","modelo_1","profunda",0.4,0.2,"0.3",0.03,40,0.608411214953271,0.654032258064516,0.545555555555556,0.659349593495935,0.664754098360656
"JAX","modelo_2","no_profunda",0.4,0.3,"NA",0.1,60,0.592523364485981,0.640322580645161,0.526666666666667,0.645528455284553,0.650819672131148
"JAX","modelo_2","profunda",0.2,0.4,"0.5",0.03,20,0.768224299065421,0.791935483870968,0.735555555555556,0.798373983739837,0.804918032786885
"JAX","modelo_3","no_profunda",0.2,0.6,"NA",0.03,20,0.72803738317757,0.757258064516129,0.687777777777778,0.763414634146341,0.769672131147541
"JAX","modelo_3","profunda",0.6,0.3,"0.5",0.01,60,0.719626168224299,0.75,0.677777777777778,0.75609756097561,0.762295081967213
"JAX","modelo_4","no_profunda",0.5,0.3,"NA",0.02,40,0.657943925233645,0.696774193548387,0.604444444444444,0.702439024390244,0.708196721311475
"JAX","modelo_4","profunda",0.2,0.2,"0.3",0.05,20,0.651401869158878,0.691129032258065,0.596666666666667,0.696747967479675,0.702459016393443
