"equipo","modelo","modelado","gota1","gota2","gota3","lerner","epocas","exactitud","precision","precision_secundaria","f1","recall"
"IND","modelo_1","no_profunda",0.3,0.5,"NA",0.01,10,0.618421052631579,0.746710526315789,0.361842105263158,0.722929936305732,0.700617283950617
"IND","modelo_1","profunda",0.2,0.2,"0.2",0.05,20,0.612280701754386,0.742105263157895,0.352631578947368,0.718471337579618,0.696296296296296
"IND","modelo_2","no_profunda",0.5,0.3,"NA",0.05,20,0.614912280701754,0.744078947368421,0.356578947368421,0.720382165605096,0.698148148148148
"IND","modelo_2","profunda",0.2,0.3,"0.2",0.03,20,0.605263157894737,0.736842105263158,0.342105263157895,0.713375796178344,0.691358024691358
"IND","modelo_3","no_profunda",0.2,0.2,"NA",0.01,10,0.720175438596491,0.823026315789474,0.514473684210526,0.796815286624204,0.772222222222222
"IND","modelo_3","profunda",0.5,0.6,"0.4",0.01,10,0.696491228070175,0.805263157894737,0.478947368421053,0.779617834394905,0.755555555555556
"IND","modelo_4","no_profunda",0.5,0.6,"NA",0.01,10,0.691228070175439,0.801315789473684,0.471052631578947,0.775796178343949,0.751851851851852
"IND","modelo_4","profunda",0.2,0.4,"0.2",0.02,10,0.721929824561404,0.824342105263158,0.517105263157895,0.798089171974522,0.773456790123457
