"equipo","modelo","modelado","gota1","gota2","gota3","lerner","epocas","exactitud","precision","precision_secundaria","f1","recall"
"CAR","modelo_1","no_profunda",0.3,0.5,"NA",0.01,10,0.526373626373626,0.619444444444444,0.390540540540541,0.608181818181818,0.597321428571429
"CAR","modelo_1","profunda",0.6,0.5,"0.2",0.03,60,0.515384615384615,0.610185185185185,0.377027027027027,0.599090909090909,0.588392857142857
"CAR","modelo_2","no_profunda",0.6,0.3,"NA",0.01,10,0.589010989010989,0.672222222222222,0.467567567567568,0.66,0.648214285714286
"CAR","modelo_2","profunda",0.2,0.2,"0.5",0.02,10,0.578021978021978,0.662962962962963,0.454054054054054,0.650909090909091,0.639285714285714
"CAR","modelo_3","no_profunda",0.6,0.2,"NA",0.02,10,0.635164835164835,0.711111111111111,0.524324324324324,0.698181818181818,0.685714285714286
"CAR","modelo_3","profunda",0.3,0.5,"0.4",0.01,10,0.626373626373626,0.703703703703704,0.513513513513513,0.690909090909091,0.678571428571429
"CAR","modelo_4","no_profunda",0.2,0.6,"NA",0.01,20,0.676923076923077,0.746296296296296,0.575675675675676,0.732727272727273,0.719642857142857
"CAR","modelo_4","profunda",0.2,0.6,"0.3",0.02,10,0.665934065934066,0.737037037037037,0.562162162162162,0.723636363636364,0.710714285714286
