"equipo","modelo","modelado","gota1","gota2","gota3","lerner","epocas","exactitud","precision","precision_secundaria","f1","recall"
"LV","modelo_1","no_profunda",0.2,0.6,"NA",0.01,10,0.567741935483871,0.683870967741935,0.335483870967742,0.6784,0.673015873015873
"LV","modelo_1","profunda",0.3,0.3,"0.2",0.06,20,0.572043010752688,0.687096774193548,0.341935483870968,0.6816,0.676190476190476
"LV","modelo_2","no_profunda",0.3,0.4,"NA",0.01,10,0.701075268817204,0.783870967741935,0.535483870967742,0.7776,0.771428571428571
"LV","modelo_2","profunda",0.3,0.4,"0.5",0.01,10,0.696774193548387,0.780645161290323,0.529032258064516,0.7744,0.768253968253968
"LV","modelo_3","no_profunda",0.5,0.6,"NA",0.05,20,0.7,0.783064516129032,0.533870967741935,0.7768,0.770634920634921
"LV","modelo_3","profunda",0.3,0.6,"0.3",0.03,10,0.670967741935484,0.761290322580645,0.490322580645161,0.7552,0.749206349206349
"LV","modelo_4","no_profunda",0.3,0.4,"NA",0.01,10,0.704301075268817,0.786290322580645,0.540322580645161,0.78,0.773809523809524
"LV","modelo_4","profunda",0.3,0.4,"0.2",0.06,10,0.693548387096774,0.778225806451613,0.524193548387097,0.772,0.765873015873016
