"equipo","modelo","modelado","gota1","gota2","gota3","lerner","epocas","exactitud","precision","precision_secundaria","f1","recall"
"SEA","modelo_1","no_profunda",0.3,0.3,"NA",0.02,20,0.602222222222222,0.72,0.417142857142857,0.688695652173913,0.66
"SEA","modelo_1","profunda",0.4,0.4,"0.2",0.05,40,0.556666666666667,0.682727272727273,0.358571428571429,0.65304347826087,0.625833333333333
"SEA","modelo_2","no_profunda",0.2,0.3,"NA",0.03,60,0.571111111111111,0.694545454545455,0.377142857142857,0.664347826086957,0.636666666666667
"SEA","modelo_2","profunda",0.4,0.5,"0.4",0.02,40,0.572222222222222,0.695454545454545,0.378571428571429,0.665217391304348,0.6375
"SEA","modelo_3","no_profunda",0.4,0.5,"NA",0.06,20,0.632222222222222,0.744545454545455,0.455714285714286,0.712173913043478,0.6825
"SEA","modelo_3","profunda",0.2,0.3,"0.6",0.02,10,0.652222222222222,0.760909090909091,0.481428571428571,0.727826086956522,0.6975
"SEA","modelo_4","no_profunda",0.2,0.5,"NA",0.05,60,0.565555555555556,0.69,0.37,0.66,0.6325
"SEA","modelo_4","profunda",0.4,0.6,"0.4",0.05,20,0.6,0.718181818181818,0.414285714285714,0.68695652173913,0.658333333333333
