"equipo","modelo","modelado","gota1","gota2","gota3","lerner","epocas","exactitud","precision","precision_secundaria","f1","recall"
"HOU","modelo_1","no_profunda",0.2,0.4,"NA",0.06,20,0.564705882352941,0.653846153846154,0.424242424242424,0.647619047619048,0.641509433962264
"HOU","modelo_1","profunda",0.2,0.4,"0.6",0.03,10,0.56,0.65,0.418181818181818,0.643809523809524,0.637735849056604
"HOU","modelo_2","no_profunda",0.3,0.3,"NA",0.1,60,0.627058823529412,0.704807692307692,0.504545454545455,0.698095238095238,0.691509433962264
"HOU","modelo_2","profunda",0.5,0.3,"0.6",0.02,10,0.644705882352941,0.719230769230769,0.527272727272727,0.712380952380952,0.705660377358491
"HOU","modelo_3","no_profunda",0.4,0.6,"NA",0.03,20,0.734117647058824,0.792307692307692,0.642424242424242,0.784761904761905,0.777358490566038
"HOU","modelo_3","profunda",0.2,0.4,"0.5",0.03,20,0.730588235294118,0.789423076923077,0.637878787878788,0.781904761904762,0.774528301886792
"HOU","modelo_4","no_profunda",0.4,0.2,"NA",0.01,10,0.703529411764706,0.767307692307692,0.603030303030303,0.76,0.752830188679245
"HOU","modelo_4","profunda",0.4,0.3,"0.3",0.05,60,0.696470588235294,0.761538461538461,0.593939393939394,0.754285714285714,0.747169811320755
