"equipo","modelo","modelado","gota1","gota2","gota3","lerner","epocas","exactitud","precision","precision_secundaria","f1","recall"
"BUF","modelo_1","no_profunda",0.3,0.5,"NA",0.06,60,0.56195652173913,0.624603174603175,0.425862068965517,0.661344537815126,0.702678571428571
"BUF","modelo_1","profunda",0.4,0.5,"0.6",0.05,20,0.542391304347826,0.61031746031746,0.394827586206897,0.646218487394958,0.686607142857143
"BUF","modelo_2","no_profunda",0.2,0.3,"NA",0.02,60,0.603260869565217,0.654761904761905,0.491379310344828,0.69327731092437,0.736607142857143
"BUF","modelo_2","profunda",0.2,0.4,"0.3",0.03,60,0.575,0.634126984126984,0.446551724137931,0.671428571428571,0.713392857142857
"BUF","modelo_3","no_profunda",0.2,0.6,"NA",0.02,60,0.628260869565217,0.673015873015873,0.531034482758621,0.712605042016807,0.757142857142857
"BUF","modelo_3","profunda",0.2,0.4,"0.4",0.01,40,0.616304347826087,0.664285714285714,0.512068965517241,0.703361344537815,0.747321428571429
"BUF","modelo_4","no_profunda",0.2,0.5,"NA",0.02,10,0.630434782608696,0.674603174603175,0.53448275862069,0.714285714285714,0.758928571428571
"BUF","modelo_4","profunda",0.5,0.3,"0.5",0.02,40,0.626086956521739,0.671428571428571,0.527586206896552,0.710924369747899,0.755357142857143
