"equipo","p.value","shapiro","levene","bartlett"
"ARI",4.55399454656695e-83,8.36596741299801e-08,1.9362106814235e-10,0
