"diff","lwr","upr","p adj","comparacion","equipo"
0.136458333333333,0.105135759756713,0.167780906909954,1.12482245739898e-11,"lightgbm-azar","DAL"
0.211458333333333,0.180135759756712,0.242780906909954,1.12078124558934e-11,"red-azar","DAL"
0.0749999999999998,0.0436774264233792,0.10632257357662,1.04647767107391e-06,"red-lightgbm","DAL"
