"diff","lwr","upr","p adj","comparacion","equipo"
0.223333333333333,0.190452350434983,0.256214316231684,1.12078124558934e-11,"lightgbm-azar","PHI"
0.137777777777777,0.104896794879427,0.170658760676128,1.13170584015165e-11,"red-azar","PHI"
-0.0855555555555558,-0.118436538453906,-0.0526745726572054,1.59498357965582e-07,"red-lightgbm","PHI"
