"diff","lwr","upr","p adj","comparacion","equipo"
0.214150943396227,0.186562975056303,0.241738911736151,1.12078124558934e-11,"lightgbm-azar","ATL"
0.249598183088749,0.222010214748825,0.277186151428673,1.12078124558934e-11,"red-azar","ATL"
0.0354472396925223,0.00785927135259834,0.0630352080324462,0.00851280406599331,"red-lightgbm","ATL"
