"diff","lwr","upr","p adj","comparacion","equipo"
0.174590163934426,0.15496533785586,0.194214990012992,1.12078124558934e-11,"lightgbm-azar","LV"
0.140388683236383,0.120763857157816,0.160013509314949,1.12078124558934e-11,"red-azar","LV"
-0.0342014806980434,-0.0538263067766096,-0.0145766546194773,0.000281844801489406,"red-lightgbm","LV"
