"diff","lwr","upr","p adj","comparacion","equipo"
0.278301886792452,0.253271865812599,0.303331907772306,1.12078124558934e-11,"lightgbm-azar","JAX"
0.255960148122024,0.230930127142171,0.280990169101878,1.12078124558934e-11,"red-azar","JAX"
-0.022341738670428,-0.0473717596502816,0.00268828230942558,0.0892694562801077,"red-lightgbm","JAX"
