"diff","lwr","upr","p adj","comparacion","equipo"
0.199038461538461,0.179679289631259,0.218397633445663,1.12078124558934e-11,"lightgbm-azar","KC"
0.193269230769231,0.173910058862029,0.212628402676433,1.12078124558934e-11,"red-azar","KC"
-0.00576923076923008,-0.025128402676432,0.0135899411379718,0.754402826506081,"red-lightgbm","KC"
