"diff","lwr","upr","p adj","comparacion","equipo"
0.234146341463415,0.209397111696879,0.258895571229951,1.12078124558934e-11,"lightgbm-azar","TEN"
0.145121951219512,0.120372721452977,0.169871180986048,1.12080345004983e-11,"red-azar","TEN"
-0.0890243902439023,-0.113773620010438,-0.0642751604773665,2.81777934318939e-11,"red-lightgbm","TEN"
