"diff","lwr","upr","p adj","comparacion","equipo"
0.302941176470588,0.262812822241318,0.343069530699858,1.12078124558934e-11,"lightgbm-azar","MIA"
0.213025210084034,0.172896855854763,0.253153564313304,1.12104769911525e-11,"red-azar","MIA"
-0.0899159663865546,-0.130044320615825,-0.0497876121572845,4.12291006501864e-06,"red-lightgbm","MIA"
