"diff","lwr","upr","p adj","comparacion","equipo"
0.241803278688525,0.22009779345898,0.263508763918069,1.12078124558934e-11,"lightgbm-azar","JAX"
0.215705975674246,0.194000490444702,0.237411460903791,1.12078124558934e-11,"red-azar","JAX"
-0.0260973030142783,-0.0478027882438229,-0.00439181778473362,0.0146829625281437,"red-lightgbm","JAX"
