"diff","lwr","upr","p adj","comparacion","equipo"
0.176923076923077,0.153760097153209,0.200086056692944,1.12078124558934e-11,"lightgbm-azar","HOU"
0.188461538461538,0.165298558691671,0.211624518231406,1.12078124558934e-11,"red-azar","HOU"
0.0115384615384617,-0.0116245182314059,0.0347014413083293,0.458809328092105,"red-lightgbm","HOU"
