"diff","lwr","upr","p adj","comparacion","equipo"
0.252631578947369,0.225928462620317,0.27933469527442,1.12078124558934e-11,"lightgbm-azar","TEN"
0.103947368421052,0.0772442520940008,0.130650484748104,1.2405743099464e-11,"red-azar","TEN"
-0.148684210526316,-0.175387326853368,-0.121981094199264,1.12087006343131e-11,"red-lightgbm","TEN"
