"diff","lwr","upr","p adj","comparacion","equipo"
0.197222222222222,0.175219866415004,0.219224578029441,1.12078124558934e-11,"lightgbm-azar","CIN"
0.262037037037037,0.240034681229819,0.284039392844255,1.12078124558934e-11,"red-azar","CIN"
0.0648148148148148,0.0428124590075963,0.0868171706220332,6.77665112913672e-09,"red-lightgbm","CIN"
