"diff","lwr","upr","p adj","comparacion","equipo"
0.0916666666666667,0.0740626048803112,0.109270728453022,1.12109210803624e-11,"lightgbm-azar","CAR"
0.154629629629629,0.137025567843274,0.172233691415984,1.12078124558934e-11,"red-azar","CAR"
0.0629629629629623,0.0453589011766069,0.0805670247493178,3.1648572651477e-11,"red-lightgbm","CAR"
