"diff","lwr","upr","p adj","comparacion","equipo"
0.195098039215686,0.172694581311155,0.217501497120217,1.12078124558934e-11,"lightgbm-azar","SF"
0.344117647058824,0.321714189154293,0.366521104963355,1.12078124558934e-11,"red-azar","SF"
0.149019607843138,0.126616149938607,0.171423065747669,1.12078124558934e-11,"red-lightgbm","SF"
