"diff","lwr","upr","p adj","comparacion","equipo"
0.215454545454546,0.19570818374061,0.235200907168482,1.12078124558934e-11,"lightgbm-azar","TB"
0.199090909090909,0.179344547376973,0.218837270804845,1.12078124558934e-11,"red-azar","TB"
-0.0163636363636365,-0.0361099980775725,0.00338272535029954,0.12287149507941,"red-lightgbm","TB"
