"diff","lwr","upr","p adj","comparacion","equipo"
0.204347826086956,0.182029074994511,0.226666577179401,1.12078124558934e-11,"lightgbm-azar","NYG"
0.240217391304348,0.217898640211902,0.262536142396793,1.12078124558934e-11,"red-azar","NYG"
0.0358695652173917,0.0135508141249464,0.058188316309837,0.000820671262691364,"red-lightgbm","NYG"
