"diff","lwr","upr","p adj","comparacion","equipo"
0.218181818181818,0.195120035899365,0.241243600464272,1.12078124558934e-11,"lightgbm-azar","TEN"
0.180681818181818,0.157620035899364,0.203743600464272,1.12078124558934e-11,"red-azar","TEN"
-0.0375000000000002,-0.0605617822824538,-0.0144382177175466,0.000708884565947532,"red-lightgbm","TEN"
