"diff","lwr","upr","p adj","comparacion","equipo"
0.130769230769231,0.100603253910353,0.160935207628109,1.1253553644508e-11,"lightgbm-azar","CHI"
0.159615384615384,0.129449407756506,0.189781361474263,1.12106990357574e-11,"red-azar","CHI"
0.0288461538461537,-0.00131982301272444,0.0590121307050319,0.0637155856680262,"red-lightgbm","CHI"
