"diff","lwr","upr","p adj","comparacion","equipo"
0.11,0.0889276193248202,0.131072380675179,1.12113651695722e-11,"lightgbm-azar","CAR"
0.166923076923076,0.145850696247897,0.187995457598256,1.12078124558934e-11,"red-azar","CAR"
0.0569230769230764,0.0358506962478969,0.0779954575982559,6.42684719887043e-08,"red-lightgbm","CAR"
