"diff","lwr","upr","p adj","comparacion","equipo"
0.101785714285714,0.0796500106077945,0.123921417963634,1.12249098904726e-11,"lightgbm-azar","ARI"
0.149999999999999,0.12786429632208,0.172135703677919,1.12078124558934e-11,"red-azar","ARI"
0.0482142857142851,0.0260785820363653,0.0703499893922049,7.15415211771653e-06,"red-lightgbm","ARI"
