"diff","lwr","upr","p adj","comparacion","equipo"
0.16375,0.126162911708055,0.201337088291945,1.12482245739898e-11,"lightgbm-azar","DAL"
0.17875,0.141162911708055,0.216337088291945,1.12206910429791e-11,"red-azar","DAL"
0.0149999999999997,-0.0225870882919451,0.0525870882919445,0.604713265546473,"red-lightgbm","DAL"
