"diff","lwr","upr","p adj","comparacion","equipo"
0.288888888888889,0.256099581771825,0.321678196005953,1.12078124558934e-11,"lightgbm-azar","BAL"
0.281111111111111,0.248321803994047,0.313900418228175,1.12078124558934e-11,"red-azar","BAL"
-0.00777777777777811,-0.040567084894842,0.0250115293392858,0.836148644791056,"red-lightgbm","BAL"
