"diff","lwr","upr","p adj","comparacion","equipo"
0.241489361702127,0.210183365032524,0.27279535837173,1.12078124558934e-11,"lightgbm-azar","ATL"
0.212765957446808,0.181459960777205,0.244071954116412,1.12078124558934e-11,"red-azar","ATL"
-0.0287234042553189,-0.060029400924922,0.00258259241428412,0.0784071276610667,"red-lightgbm","ATL"
