"diff","lwr","upr","p adj","comparacion","equipo"
0.343548387096775,0.304871617449212,0.382225156744338,1.12078124558934e-11,"lightgbm-azar","LV"
0.237096774193549,0.198420004545986,0.275773543841112,1.12080345004983e-11,"red-azar","LV"
-0.106451612903226,-0.145128382550789,-0.0677748432556626,4.02315746272919e-08,"red-lightgbm","LV"
