"diff","lwr","upr","p adj","comparacion","equipo"
0.164705882352942,0.140343656656888,0.189068108048995,1.12078124558934e-11,"lightgbm-azar","NE"
0.223063011612412,0.198700785916358,0.247425237308466,1.12078124558934e-11,"red-azar","NE"
0.0583571292594705,0.0339949035634166,0.0827193549555243,1.03753414470997e-06,"red-lightgbm","NE"
