"diff","lwr","upr","p adj","comparacion","equipo"
0.153333333333333,0.125823129309133,0.180843537357534,1.12087006343131e-11,"lightgbm-azar","SEA"
0.124444444444444,0.0969342404202437,0.151954648468645,1.12302389609908e-11,"red-azar","SEA"
-0.0288888888888892,-0.0563990929130897,-0.00137868486468868,0.0374922386304675,"red-lightgbm","SEA"
