"diff","lwr","upr","p adj","comparacion","equipo"
0.203960396039604,0.17684845648632,0.231072335592888,1.12078124558934e-11,"lightgbm-azar","MIA"
0.157270432925645,0.130158493372361,0.184382372478929,1.12082565451033e-11,"red-azar","MIA"
-0.0466899631139582,-0.0738019026672423,-0.0195780235606742,0.000332564601418617,"red-lightgbm","MIA"
