"diff","lwr","upr","p adj","comparacion","equipo"
0.129670329670329,0.106192968489333,0.153147690851326,1.12087006343131e-11,"lightgbm-azar","LA"
0.176815575728619,0.153338214547623,0.200292936909616,1.12078124558934e-11,"red-azar","LA"
0.0471452460582898,0.0236678848772935,0.0706226072392862,3.11646303721158e-05,"red-lightgbm","LA"
