"diff","lwr","upr","p adj","comparacion","equipo"
0.225,0.201583820056745,0.248416179943256,1.12078124558934e-11,"lightgbm-azar","NO"
0.225,0.201583820056745,0.248416179943256,1.12078124558934e-11,"red-azar","NO"
-2.22044604925031e-16,-0.0234161799432556,0.0234161799432552,1,"red-lightgbm","NO"
