"diff","lwr","upr","p adj","comparacion","equipo"
0.223595505617978,0.197942935398916,0.24924807583704,1.12078124558934e-11,"lightgbm-azar","SF"
0.362334581772784,0.336682011553722,0.387987151991846,1.12078124558934e-11,"red-azar","SF"
0.138739076154807,0.113086505935745,0.164391646373869,1.12095888127328e-11,"red-lightgbm","SF"
