"diff","lwr","upr","p adj","comparacion","equipo"
0.196666666666667,0.161222582992709,0.232110750340624,1.12087006343131e-11,"lightgbm-azar","LA"
0.293817204301075,0.258373120627118,0.329261287975033,1.12078124558934e-11,"red-azar","LA"
0.0971505376344088,0.0617064539604515,0.132594621308366,4.4668099996592e-08,"red-lightgbm","LA"
