"diff","lwr","upr","p adj","comparacion","equipo"
0.201041666666667,0.177048870275964,0.225034463057369,1.12078124558934e-11,"lightgbm-azar","DEN"
0.2125,0.188507203609297,0.236492796390702,1.12078124558934e-11,"red-azar","DEN"
0.0114583333333329,-0.0125344630573697,0.0354511297240355,0.488185749813462,"red-lightgbm","DEN"
