"diff","lwr","upr","p adj","comparacion","equipo"
0.197142857142857,0.161772594826028,0.232513119459686,1.12087006343131e-11,"lightgbm-azar","SEA"
0.0885714285714285,0.0532011662545996,0.123941690888257,3.88603348056016e-07,"red-azar","SEA"
-0.108571428571428,-0.143941690888257,-0.0732011662545994,2.1692877494317e-09,"red-lightgbm","SEA"
