"diff","lwr","upr","p adj","comparacion","equipo"
0.117894736842105,0.0844913341501341,0.151298139534076,4.26397805952661e-11,"lightgbm-azar","MIN"
0.143157894736842,0.109754492044871,0.176561297428813,1.12659881423838e-11,"red-azar","MIN"
0.0252631578947371,-0.00814024479723374,0.0586665605867079,0.172239505651937,"red-lightgbm","MIN"
