"diff","lwr","upr","p adj","comparacion","equipo"
0.160833333333333,0.141639096220771,0.180027570445895,1.12078124558934e-11,"lightgbm-azar","DEN"
0.203333333333333,0.184139096220771,0.222527570445895,1.12078124558934e-11,"red-azar","DEN"
0.0424999999999999,0.0233057628874379,0.0616942371125618,5.20956116600857e-06,"red-lightgbm","DEN"
