"diff","lwr","upr","p adj","comparacion","equipo"
0.0967213114754099,0.0791681796479181,0.114274443302902,1.12087006343131e-11,"lightgbm-azar","LA"
0.121311475409836,0.103758343582344,0.138864607237327,1.12078124558934e-11,"red-azar","LA"
0.0245901639344257,0.00703703210693397,0.0421432957619174,0.00380302695332224,"red-lightgbm","LA"
