"diff","lwr","upr","p adj","comparacion","equipo"
0.111184210526316,0.0926216751857372,0.129746745866894,1.12080345004983e-11,"lightgbm-azar","IND"
0.161184210526316,0.142621675185738,0.179746745866894,1.12078124558934e-11,"red-azar","IND"
0.0500000000000004,0.031437464659422,0.0685625353405788,6.89794004138378e-08,"red-lightgbm","IND"
