"diff","lwr","upr","p adj","comparacion","equipo"
0.231521739130435,0.205484061626304,0.257559416634565,1.12078124558934e-11,"lightgbm-azar","LV"
0.173866292660122,0.147828615155991,0.199903970164252,1.12078124558934e-11,"red-azar","LV"
-0.057655446470313,-0.0836931239744431,-0.0316177689661828,5.20487720667706e-06,"red-lightgbm","LV"
