"diff","lwr","upr","p adj","comparacion","equipo"
0.327777777777778,0.298219243598262,0.357336311957294,1.12078124558934e-11,"lightgbm-azar","JAX"
0.31,0.280441465820484,0.339558534179516,1.12078124558934e-11,"red-azar","JAX"
-0.0177777777777782,-0.0473363119572945,0.0117807564017381,0.323890084305679,"red-lightgbm","JAX"
