"diff","lwr","upr","p adj","comparacion","equipo"
0.216470588235294,0.18813000122275,0.244811175247837,1.12078124558934e-11,"lightgbm-azar","HOU"
0.218823529411764,0.190482942399221,0.247164116424308,1.12078124558934e-11,"red-azar","HOU"
0.00235294117647089,-0.0259876458360729,0.0306935281890147,0.978243741098605,"red-lightgbm","HOU"
