"diff","lwr","upr","p adj","comparacion","equipo"
0.153896103896104,0.139791559814721,0.168000647977487,1.12078124558934e-11,"lightgbm-azar","TB"
0.155194805194805,0.141090261113422,0.169299349276188,1.12078124558934e-11,"red-azar","TB"
0.00129870129870135,-0.0128058427826814,0.0154032453800841,0.973310548579969,"red-lightgbm","TB"
