"diff","lwr","upr","p adj","comparacion","equipo"
0.320731707317074,0.287443510680434,0.354019903953714,1.12078124558934e-11,"lightgbm-azar","WAS"
0.335365853658537,0.302077657021897,0.368654050295177,1.12078124558934e-11,"red-azar","WAS"
0.0146341463414631,-0.018654050295177,0.0479223429781032,0.543883316057808,"red-lightgbm","WAS"
