"diff","lwr","upr","p adj","comparacion","equipo"
0.211842105263158,0.172598133735509,0.251086076790807,1.12095888127328e-11,"lightgbm-azar","DET"
0.244736842105263,0.205492870577614,0.283980813632912,1.12078124558934e-11,"red-azar","DET"
0.0328947368421052,-0.00634923468554377,0.0721387083697542,0.117306681346975,"red-lightgbm","DET"
