"diff","lwr","upr","p adj","comparacion","equipo"
0.234821428571428,0.210449713176745,0.259193143966111,1.12078124558934e-11,"lightgbm-azar","WAS"
0.236607142857143,0.21223542746246,0.260978858251826,1.12078124558934e-11,"red-azar","WAS"
0.00178571428571495,-0.0225860011089679,0.0261574296803978,0.983012499857492,"red-lightgbm","WAS"
