"diff","lwr","upr","p adj","comparacion","equipo"
0.186111111111111,0.158710292029152,0.21351193019307,1.12078124558934e-11,"lightgbm-azar","PHI"
0.151851851851851,0.124451032769893,0.17925267093381,1.12087006343131e-11,"red-azar","PHI"
-0.0342592592592595,-0.0616600783412182,-0.00685844017730087,0.0107285953951572,"red-lightgbm","PHI"
