"diff","lwr","upr","p adj","comparacion","equipo"
0.275,0.246380224513799,0.303619775486201,1.12078124558934e-11,"lightgbm-azar","NO"
0.26574074074074,0.237120965254539,0.294360516226941,1.12078124558934e-11,"red-azar","NO"
-0.00925925925925963,-0.0378790347454607,0.0193605162269415,0.717630229354557,"red-lightgbm","NO"
