"diff","lwr","upr","p adj","comparacion","equipo"
0.141780821917808,0.127990726860624,0.155570916974993,1.12078124558934e-11,"lightgbm-azar","KC"
0.117123287671233,0.103333192614048,0.130913382728418,1.12078124558934e-11,"red-azar","KC"
-0.0246575342465758,-0.0384476293037608,-0.0108674391893908,0.000195412445742837,"red-lightgbm","KC"
