"diff","lwr","upr","p adj","comparacion","equipo"
0.144827586206897,0.123381125759596,0.166274046654198,1.12078124558934e-11,"lightgbm-azar","NE"
0.193965517241379,0.172519056794078,0.21541197768868,1.12078124558934e-11,"red-azar","NE"
0.0491379310344821,0.0276914705871807,0.0705843914817834,2.63492946039889e-06,"red-lightgbm","NE"
