"diff","lwr","upr","p adj","comparacion","equipo"
0.19009900990099,0.162816216096319,0.217381803705661,1.12078124558934e-11,"lightgbm-azar","CLE"
0.257425742574257,0.230142948769586,0.284708536378928,1.12078124558934e-11,"red-azar","CLE"
0.0673267326732673,0.0400439388685966,0.094609526477938,5.4031834562096e-07,"red-lightgbm","CLE"
