"diff","lwr","upr","p adj","comparacion","equipo"
0.181132075471698,0.155136205903097,0.2071279450403,1.12078124558934e-11,"lightgbm-azar","CLE"
0.273584905660378,0.247589036091776,0.299580775228979,1.12078124558934e-11,"red-azar","CLE"
0.0924528301886792,0.0664569606200779,0.118448699757281,3.57734952771693e-11,"red-lightgbm","CLE"
