"diff","lwr","upr","p adj","comparacion","equipo"
0.127611940298507,0.107546585697308,0.147677294899707,1.12078124558934e-11,"lightgbm-azar","GB"
0.220895522388059,0.20083016778686,0.240960876989259,1.12078124558934e-11,"red-azar","GB"
0.093283582089552,0.0732182274883526,0.113348936690751,1.12229114890283e-11,"red-lightgbm","GB"
