"diff","lwr","upr","p adj","comparacion","equipo"
0.359090909090909,0.326180306234349,0.392001511947469,1.12078124558934e-11,"lightgbm-azar","TB"
0.301515151515152,0.268604548658592,0.334425754371712,1.12078124558934e-11,"red-azar","TB"
-0.0575757575757572,-0.0904863604323169,-0.0246651547191974,0.000267071003869912,"red-lightgbm","TB"
