"diff","lwr","upr","p adj","comparacion","equipo"
0.164705882352941,0.118039363886217,0.211372400819665,4.26397805952661e-11,"lightgbm-azar","MIN"
0.214705882352941,0.168039363886217,0.261372400819665,1.12246878458677e-11,"red-azar","MIN"
0.0499999999999999,0.00333348153327605,0.0966665184667238,0.0330645440497682,"red-lightgbm","MIN"
