"diff","lwr","upr","p adj","comparacion","equipo"
0.257425742574257,0.228207548113507,0.286643937035007,1.12078124558934e-11,"lightgbm-azar","BAL"
0.26039603960396,0.23117784514321,0.28961423406471,1.12078124558934e-11,"red-azar","BAL"
0.00297029702970297,-0.026247897431047,0.0321884914904529,0.967566188868925,"red-lightgbm","BAL"
