"diff","lwr","upr","p adj","comparacion","equipo"
0.15,0.11737896300096,0.18262103699904,1.12249098904726e-11,"lightgbm-azar","ARI"
0.194736842105263,0.162115805106223,0.227357879104303,1.12080345004983e-11,"red-azar","ARI"
0.0447368421052632,0.0121158051062234,0.077357879104303,0.00468688232205983,"red-lightgbm","ARI"
