"diff","lwr","upr","p adj","comparacion","equipo"
0.287837837837838,0.255726291524601,0.319949384151076,1.12078124558934e-11,"lightgbm-azar","CIN"
0.368918918918919,0.336807372605682,0.401030465232157,1.12078124558934e-11,"red-azar","CIN"
0.081081081081081,0.0489695347678436,0.113192627394319,3.21563300542671e-07,"red-lightgbm","CIN"
