"diff","lwr","upr","p adj","comparacion","equipo"
0.208536585365854,0.175746859554138,0.24132631117757,1.12078124558934e-11,"lightgbm-azar","GB"
0.0682926829268292,0.035502957115113,0.101082408738545,1.64157375494023e-05,"red-azar","GB"
-0.140243902439025,-0.173033628250741,-0.107454176627309,1.12693188114577e-11,"red-lightgbm","GB"
