"diff","lwr","upr","p adj","comparacion","equipo"
0.305,0.269883122164442,0.340116877835558,1.12078124558934e-11,"lightgbm-azar","LAC"
0.315967741935484,0.280850864099926,0.351084619771042,1.12078124558934e-11,"red-azar","LAC"
0.0109677419354844,-0.0241491359000735,0.0460846197710424,0.733913902646254,"red-lightgbm","LAC"
