"diff","lwr","upr","p adj","comparacion","equipo"
0.353571428571428,0.316774574374884,0.390368282767973,1.12078124558934e-11,"lightgbm-azar","NO"
0.329761904761904,0.29296505056536,0.366558758958449,1.12078124558934e-11,"red-azar","NO"
-0.0238095238095239,-0.0606063780060682,0.0129873303870203,0.272523981998941,"red-lightgbm","NO"
