"diff","lwr","upr","p adj","comparacion","equipo"
0.136,0.10471197889645,0.16728802110355,1.1250445020039e-11,"lightgbm-azar","CHI"
0.179128712871287,0.147840691767737,0.210416733974837,1.12084785897082e-11,"red-azar","CHI"
0.0431287128712866,0.0118406917677367,0.0744167339748365,0.00446019793021313,"red-lightgbm","CHI"
