"diff","lwr","upr","p adj","comparacion","equipo"
0.134558823529412,0.11897744443425,0.150140202624573,1.12078124558934e-11,"lightgbm-azar","LAC"
0.133823529411765,0.118242150316603,0.149404908506926,1.12078124558934e-11,"red-azar","LAC"
-0.000735294117647056,-0.0163166732128082,0.0148460849775141,0.992916397443631,"red-lightgbm","LAC"
