"diff","lwr","upr","p adj","comparacion","equipo"
0.2,0.171296227351336,0.228703772648664,1.12078124558934e-11,"lightgbm-azar","CLE"
0.239583333333333,0.210879560684669,0.268287105981997,1.12078124558934e-11,"red-azar","CLE"
0.0395833333333331,0.010879560684669,0.0682871059819972,0.00444173619086508,"red-lightgbm","CLE"
