"diff","lwr","upr","p adj","comparacion","equipo"
0.148863636363636,0.114693556098232,0.183033716629041,1.12482245739898e-11,"lightgbm-azar","DAL"
0.196590909090909,0.162420828825505,0.230760989356313,1.12082565451033e-11,"red-azar","DAL"
0.0477272727272728,0.0135571924618684,0.0818973529926772,0.00391697909624222,"red-lightgbm","DAL"
