"diff","lwr","upr","p adj","comparacion","equipo"
0.114285714285715,0.100439405033846,0.128132023537583,1.12078124558934e-11,"lightgbm-azar","PIT"
0.15,0.136153690748131,0.163846309251869,1.12078124558934e-11,"red-azar","PIT"
0.0357142857142851,0.0218679764624162,0.0495605949661541,1.96086579973276e-07,"red-lightgbm","PIT"
