"diff","lwr","upr","p adj","comparacion","equipo"
0.186734693877551,0.165150431397943,0.208318956357158,1.12078124558934e-11,"lightgbm-azar","LAC"
0.188136466707896,0.166552204228288,0.209720729187503,1.12078124558934e-11,"red-azar","LAC"
0.00140177283034482,-0.0201824896492626,0.0229860353099522,0.986628254894914,"red-lightgbm","LAC"
