"diff","lwr","upr","p adj","comparacion","equipo"
0.125454545454545,0.102946196707472,0.147962894201618,1.12087006343131e-11,"lightgbm-azar","SEA"
0.147272727272727,0.124764378525654,0.1697810760198,1.12078124558934e-11,"red-azar","SEA"
0.0218181818181823,-0.000690166928890731,0.0443265305652553,0.0593111776640746,"red-lightgbm","SEA"
