"diff","lwr","upr","p adj","comparacion","equipo"
0.227,0.197671232745867,0.256328767254133,1.12078124558934e-11,"lightgbm-azar","ATL"
0.232742574257425,0.203413807003293,0.262071341511558,1.12078124558934e-11,"red-azar","ATL"
0.00574257425742541,-0.0235861929967073,0.0350713415115581,0.88507901948089,"red-lightgbm","ATL"
