"diff","lwr","upr","p adj","comparacion","equipo"
0.225,0.197740078660383,0.252259921339617,1.12078124558934e-11,"lightgbm-azar","PIT"
0.2328125,0.205552578660383,0.260072421339617,1.12078124558934e-11,"red-azar","PIT"
0.0078125,-0.0194474213396172,0.0350724213396172,0.770461493323669,"red-lightgbm","PIT"
