"diff","lwr","upr","p adj","comparacion","equipo"
0.151578947368421,0.133214368781732,0.169943525955111,1.12078124558934e-11,"lightgbm-azar","PIT"
0.177894736842106,0.159530158255416,0.196259315428795,1.12078124558934e-11,"red-azar","PIT"
0.0263157894736846,0.00795121088699516,0.0446803680603741,0.00302067902855463,"red-lightgbm","PIT"
