"diff","lwr","upr","p adj","comparacion","equipo"
0.158333333333333,0.133437430402215,0.183229236264451,1.12078124558934e-11,"lightgbm-azar","GB"
0.162962962962963,0.138067060031845,0.18785886589408,1.12078124558934e-11,"red-azar","GB"
0.00462962962962921,-0.0202662733014887,0.0295255325607471,0.895705074929662,"red-lightgbm","GB"
