"diff","lwr","upr","p adj","comparacion","equipo"
0.235,0.209333436243688,0.260666563756312,1.12078124558934e-11,"lightgbm-azar","NYG"
0.30125,0.275583436243688,0.326916563756312,1.12078124558934e-11,"red-azar","NYG"
0.0662499999999998,0.0405834362436878,0.0919165637563119,1.92819515354437e-07,"red-lightgbm","NYG"
