"diff","lwr","upr","p adj","comparacion","equipo"
0.190909090909091,0.162712276363018,0.219105905455164,1.12078124558934e-11,"lightgbm-azar","NE"
0.262247474747475,0.234050660201402,0.290444289293548,1.12078124558934e-11,"red-azar","NE"
0.0713383838383842,0.0431415692923113,0.0995351983844571,3.07188307568929e-07,"red-lightgbm","NE"
