"diff","lwr","upr","p adj","comparacion","equipo"
0.148245614035088,0.123495566914316,0.172995661155859,1.12080345004983e-11,"lightgbm-azar","IND"
0.171052631578948,0.146302584458176,0.195802678699719,1.12078124558934e-11,"red-azar","IND"
0.0228070175438601,-0.00194302957691118,0.0475570646646313,0.0767741841503348,"red-lightgbm","IND"
