"diff","lwr","upr","p adj","comparacion","equipo"
0.268055555555556,0.236065160367952,0.300045950743159,1.12078124558934e-11,"lightgbm-azar","DEN"
0.227777777777778,0.195787382590175,0.259768172965381,1.12078124558934e-11,"red-azar","DEN"
-0.0402777777777776,-0.0722681729653811,-0.0082873825901742,0.0101220986810577,"red-lightgbm","DEN"
