"diff","lwr","upr","p adj","comparacion","equipo"
0.141666666666667,0.10916779100847,0.174165542324864,1.12477804847799e-11,"lightgbm-azar","CHI"
0.200255102040816,0.167756226382619,0.232753977699013,1.12080345004983e-11,"red-azar","CHI"
0.0585884353741495,0.0260895597159525,0.0910873110323465,0.000173320862572823,"red-lightgbm","CHI"
