"diff","lwr","upr","p adj","comparacion","equipo"
0.14375,0.117120162177667,0.170379837822333,1.12095888127328e-11,"lightgbm-azar","DET"
0.148214285714286,0.121584447891952,0.174844123536619,1.12087006343131e-11,"red-azar","DET"
0.0044642857142857,-0.0221655521080475,0.0310941235366189,0.914339162884654,"red-lightgbm","DET"
