"diff","lwr","upr","p adj","comparacion","equipo"
0.334615384615384,0.309725320237904,0.359505448992864,1.12078124558934e-11,"lightgbm-azar","NYJ"
0.228205128205128,0.203315063827648,0.253095192582608,1.12078124558934e-11,"red-azar","NYJ"
-0.106410256410256,-0.131300320787736,-0.0815201920327761,1.12695408560626e-11,"red-lightgbm","NYJ"
