"diff","lwr","upr","p adj","comparacion","equipo"
0.193103448275862,0.159316297167078,0.226890599384645,1.12084785897082e-11,"lightgbm-azar","BUF"
0.212068965517241,0.178281814408458,0.245856116626024,1.12078124558934e-11,"red-azar","BUF"
0.0189655172413792,-0.0148216338674042,0.0527526683501626,0.373457193205874,"red-lightgbm","BUF"
