"diff","lwr","upr","p adj","comparacion","equipo"
0.232142857142857,0.205794306780931,0.258491407504784,1.12078124558934e-11,"lightgbm-azar","BAL"
0.24375,0.217401449638074,0.270098550361926,1.12078124558934e-11,"red-azar","BAL"
0.0116071428571427,-0.0147414075047835,0.037955693219069,0.542539927301058,"red-lightgbm","BAL"
