"diff","lwr","upr","p adj","comparacion","equipo"
0.24392523364486,0.225781074565949,0.26206939272377,1.12078124558934e-11,"lightgbm-azar","NYJ"
0.166355140186916,0.148210981108005,0.184499299265827,1.12078124558934e-11,"red-azar","NYJ"
-0.0775700934579439,-0.0957142525368544,-0.0594259343790333,1.12695408560626e-11,"red-lightgbm","NYJ"
