"diff","lwr","upr","p adj","comparacion","equipo"
0.278787878787879,0.24228863793839,0.315287119637367,1.12078124558934e-11,"lightgbm-azar","HOU"
0.266666666666667,0.230167425817178,0.303165907516155,1.12078124558934e-11,"red-azar","HOU"
-0.0121212121212122,-0.0486204529707006,0.0243780287282762,0.70505751818787,"red-lightgbm","HOU"
