"diff","lwr","upr","p adj","comparacion","equipo"
0.153731343283582,0.133258443701633,0.174204242865532,1.12078124558934e-11,"lightgbm-azar","MIA"
0.131343283582089,0.11087038400014,0.151816183164039,1.12078124558934e-11,"red-azar","MIA"
-0.0223880597014927,-0.0428609592834421,-0.00191516011954328,0.0289654481882013,"red-lightgbm","MIA"
