"diff","lwr","upr","p adj","comparacion","equipo"
0.222368421052631,0.185243350371475,0.259493491733788,1.12080345004983e-11,"lightgbm-azar","IND"
0.190789473684211,0.153664403003054,0.227914544365368,1.12118092587821e-11,"red-azar","IND"
-0.0315789473684207,-0.0687040180495776,0.00554612331273616,0.110362594493782,"red-lightgbm","IND"
