"diff","lwr","upr","p adj","comparacion","equipo"
0.203030303030303,0.173138500395439,0.232922105665166,1.12078124558934e-11,"lightgbm-azar","PHI"
0.145454545454545,0.115562742819682,0.175346348089409,1.12173603739052e-11,"red-azar","PHI"
-0.0575757575757573,-0.0874675602106211,-0.0276839549408934,6.2385154666833e-05,"red-lightgbm","PHI"
