"diff","lwr","upr","p adj","comparacion","equipo"
0.0918032786885249,0.065792432330023,0.117814125047027,4.26397805952661e-11,"lightgbm-azar","MIN"
0.10327868852459,0.0772678421660883,0.129289534883092,1.18171028518077e-11,"red-azar","MIN"
0.0114754098360653,-0.0145354365224366,0.0374862561945672,0.541566507192568,"red-lightgbm","MIN"
