"diff","lwr","upr","p adj","comparacion","equipo"
0.333870967741936,0.301397518091146,0.366344417392726,1.12078124558934e-11,"lightgbm-azar","KC"
0.372580645161291,0.3401071955105,0.405054094812081,1.12078124558934e-11,"red-azar","KC"
0.0387096774193547,0.00623622776856431,0.0711831270701451,0.0156886583954426,"red-lightgbm","KC"
