"diff","lwr","upr","p adj","comparacion","equipo"
0.171276595744681,0.139547427275518,0.203005764213844,1.12095888127328e-11,"lightgbm-azar","DET"
0.187234042553191,0.155504874084028,0.218963211022354,1.12080345004983e-11,"red-azar","DET"
0.0159574468085106,-0.0157717216606523,0.0476866152776735,0.45207486626113,"red-lightgbm","DET"
