"diff","lwr","upr","p adj","comparacion","equipo"
0.121739130434782,0.100438535170549,0.143039725699015,1.12084785897082e-11,"lightgbm-azar","BUF"
0.0576086956521739,0.0363081003879408,0.0789092909164069,6.23833938950824e-08,"red-azar","BUF"
-0.0641304347826083,-0.0854310300468413,-0.0428298395183752,3.72658226499567e-09,"red-lightgbm","BUF"
