"diff","lwr","upr","p adj","comparacion","equipo"
0.185211267605634,0.165988506167574,0.204434029043693,1.12078124558934e-11,"lightgbm-azar","WAS"
0.179577464788732,0.160354703350673,0.198800226226792,1.12078124558934e-11,"red-azar","WAS"
-0.00563380281690118,-0.0248565642549609,0.0135889586211585,0.761371149978716,"red-lightgbm","WAS"
