"diff","lwr","upr","p adj","comparacion","equipo"
0.180769230769231,0.161025720187452,0.200512741351009,1.12078124558934e-11,"lightgbm-azar","NYG"
0.193269230769231,0.173525720187452,0.213012741351009,1.12078124558934e-11,"red-azar","NYG"
0.0125,-0.00724351058177849,0.0322435105817784,0.287632527019267,"red-lightgbm","NYG"
