"diff","lwr","upr","p adj","comparacion","equipo"
0.0888888888888891,0.0733360732991317,0.104441704478647,1.12084785897082e-11,"lightgbm-azar","BUF"
-0.0134920634920632,-0.0290448790818206,0.00206075209769417,0.101438803436084,"red-azar","BUF"
-0.102380952380952,-0.11793376797071,-0.086828136791195,1.12078124558934e-11,"red-lightgbm","BUF"
