"diff","lwr","upr","p adj","comparacion","equipo"
0.261842105263158,0.231836857525202,0.291847353001113,1.12078124558934e-11,"lightgbm-azar","SF"
0.388394062078273,0.358388814340317,0.418399309816228,1.12078124558934e-11,"red-azar","SF"
0.126551956815115,0.0965467090771591,0.156557204553071,1.12972964316782e-11,"red-lightgbm","SF"
