"diff","lwr","upr","p adj","comparacion","equipo"
0.1375,0.111254276074702,0.163745723925299,1.12106990357574e-11,"lightgbm-azar","CAR"
0.188175675675676,0.161929951750377,0.214421399600975,1.12078124558934e-11,"red-azar","CAR"
0.0506756756756758,0.0244299517503772,0.0769213996009744,5.99810070130991e-05,"red-lightgbm","CAR"
