"diff","lwr","upr","p adj","comparacion","equipo"
0.0770270270270269,0.0602756837031957,0.0937783703508581,1.12249098904726e-11,"lightgbm-azar","ARI"
0.127027027027027,0.110275683703196,0.143778370350858,1.12078124558934e-11,"red-azar","ARI"
0.0499999999999998,0.0332486566761686,0.066751343323831,4.73025407732308e-09,"red-lightgbm","ARI"
