"diff","lwr","upr","p adj","comparacion","equipo"
0.15,0.133265813893102,0.166734186106899,1.12078124558934e-11,"lightgbm-azar","CIN"
0.206338028169014,0.189603842062115,0.223072214275912,1.12078124558934e-11,"red-azar","CIN"
0.0563380281690138,0.0396038420621153,0.0730722142759123,1.50832124568012e-10,"red-lightgbm","CIN"
