"diff","lwr","upr","p adj","comparacion","equipo"
0.191911764705882,0.177636580724681,0.206186948687084,1.12078124558934e-11,"lightgbm-azar","NYJ"
0.130882352941176,0.116607168959975,0.145157536922378,1.12078124558934e-11,"red-azar","NYJ"
-0.061029411764706,-0.0753045957459077,-0.0467542277835043,1.12695408560626e-11,"red-lightgbm","NYJ"
