"Comparison","bonferroni","holm","bh","equipo"
"azar - lightgbm",2.50292322573418e-11,2.50292322573418e-11,2.50292322573418e-11,"DEN"
"azar - red",7.4146237027207e-05,4.94308246848047e-05,3.70731185136035e-05,"DEN"
"lightgbm - red",0.0267568191240342,0.00891893970801139,0.00891893970801139,"DEN"
