"Comparison","bonferroni","holm","bh","equipo"
"azar - lightgbm",0.000144803971022411,9.65359806816072e-05,7.24019855112054e-05,"ATL"
"azar - red",6.68503433331592e-12,6.68503433331592e-12,6.68503433331592e-12,"ATL"
"lightgbm - red",0.00936385427897693,0.00312128475965898,0.00312128475965898,"ATL"
