"Comparison","bonferroni","holm","bh","equipo"
"azar - lightgbm",0.000591873585184119,0.000394582390122746,0.000295936792592059,"LA"
"azar - red",2.00839566163992e-12,2.00839566163992e-12,2.00839566163992e-12,"LA"
"lightgbm - red",0.00160214266521943,0.000534047555073143,0.000534047555073143,"LA"
