"Comparison","bonferroni","holm","bh","equipo"
"azar - lightgbm",2.03510617519785e-05,1.3567374501319e-05,1.01755308759892e-05,"KC"
"azar - red",4.41864804761257e-11,4.41864804761257e-11,4.41864804761257e-11,"KC"
"lightgbm - red",0.0733120868184497,0.0244373622728166,0.0244373622728166,"KC"
