"Comparison","bonferroni","holm","bh","equipo"
"azar - lightgbm",5.34136607690229e-10,5.34136607690229e-10,5.34136607690229e-10,"JAX"
"azar - red",9.90516532393873e-06,6.60344354929249e-06,4.95258266196937e-06,"JAX"
"lightgbm - red",0.251923808819102,0.0839746029397006,0.0839746029397006,"JAX"
