"Comparison","bonferroni","holm","bh","equipo"
"azar - lightgbm",8.11462651124598e-07,5.40975100749732e-07,4.05731325562299e-07,"HOU"
"azar - red",1.99570497564065e-08,1.99570497564065e-08,1.99570497564065e-08,"HOU"
"lightgbm - red",1,0.511474066716127,0.511474066716127,"HOU"
