"Comparison","bonferroni","holm","bh","equipo"
"azar - lightgbm",0.000298264236270392,0.000198842824180261,0.000149132118135196,"CAR"
"azar - red",6.64896257788493e-12,6.64896257788493e-12,6.64896257788493e-12,"CAR"
"lightgbm - red",0.0052773257057652,0.0017591085685884,0.0017591085685884,"CAR"
