"Comparison","bonferroni","holm","bh","equipo"
"azar - lightgbm",2.71484939496349e-08,2.71484939496349e-08,2.71484939496349e-08,"HOU"
"azar - red",2.77215228626052e-07,1.84810152417368e-07,1.38607614313026e-07,"HOU"
"lightgbm - red",1,0.684312213098033,0.684312213098033,"HOU"
