"Comparison","bonferroni","holm","bh","equipo"
"azar - lightgbm",0.00084289922902513,0.000561932819350087,0.000280966409675043,"CLE"
"azar - red",1.12334861212792e-12,1.12334861212792e-12,1.12334861212792e-12,"CLE"
"lightgbm - red",0.00084289922902513,0.000280966409675043,0.000421449614512565,"CLE"
