"Comparison","bonferroni","holm","bh","equipo"
"azar - lightgbm",3.14549099387351e-12,3.14549099387351e-12,3.14549099387351e-12,"TEN"
"azar - red",0.000111504460165542,7.43363067770279e-05,5.57522300827709e-05,"TEN"
"lightgbm - red",0.00811074847709445,0.00270358282569815,0.00270358282569815,"TEN"
