"Comparison","bonferroni","holm","bh","equipo"
"azar - lightgbm",5.01903430972915e-09,5.01903430972915e-09,5.01903430972915e-09,"WAS"
"azar - red",1.02139582204179e-06,6.80930548027858e-07,5.10697911020894e-07,"WAS"
"lightgbm - red",1,0.353827597627106,0.353827597627106,"WAS"
