"Comparison","bonferroni","holm","bh","equipo"
"azar - lightgbm",1.65401616039472e-11,1.65401616039472e-11,1.65401616039472e-11,"MIA"
"azar - red",0.000145969247867264,9.7312831911509e-05,7.29846239336318e-05,"MIA"
"lightgbm - red",0.0139774986100938,0.00465916620336462,0.00465916620336462,"MIA"
