"Comparison","bonferroni","holm","bh","equipo"
"azar - lightgbm",5.63396702510326e-05,3.7559780167355e-05,2.81698351255163e-05,"CLE"
"azar - red",8.34873961620556e-11,8.34873961620556e-11,8.34873961620556e-11,"CLE"
"lightgbm - red",0.0521215676220047,0.0173738558740016,0.0173738558740016,"CLE"
