"Comparison","bonferroni","holm","bh","equipo"
"azar - lightgbm",0.0003337240423412,0.000222482694894134,0.0001668620211706,"DAL"
"azar - red",3.86300139980488e-11,3.86300139980488e-11,3.86300139980488e-11,"DAL"
"lightgbm - red",0.0110052195930828,0.00366840653102762,0.00366840653102762,"DAL"
