"Comparison","bonferroni","holm","bh","equipo"
"azar - lightgbm",5.57759326189775e-11,5.57759326189775e-11,5.57759326189775e-11,"SEA"
"azar - red",0.000168629861848747,0.000112419907899165,8.43149309243735e-05,"SEA"
"lightgbm - red",0.0215326570709899,0.00717755235699664,0.00717755235699664,"SEA"
