"Comparison","bonferroni","holm","bh","equipo"
"azar - lightgbm",2.80635722472824e-12,2.80635722472824e-12,2.80635722472824e-12,"PHI"
"azar - red",0.00153701329938976,0.000512337766463252,0.000512337766463252,"PHI"
"lightgbm - red",0.000740674142697607,0.000493782761798405,0.000370337071348804,"PHI"
