"Comparison","bonferroni","holm","bh","equipo"
"azar - lightgbm",0.000540541126105943,0.000360360750737296,0.000270270563052972,"IND"
"azar - red",2.36212260162562e-12,2.36212260162562e-12,2.36212260162562e-12,"IND"
"lightgbm - red",0.00189222770676215,0.000630742568920717,0.000630742568920717,"IND"
