"Comparison","bonferroni","holm","bh","equipo"
"azar - lightgbm",3.13452761175988e-06,2.08968507450658e-06,1.56726380587994e-06,"NYG"
"azar - red",1.10051371078648e-09,1.10051371078648e-09,1.10051371078648e-09,"NYG"
"lightgbm - red",0.498595013790515,0.166198337930172,0.166198337930172,"NYG"
