"Comparison","bonferroni","holm","bh","equipo"
"azar - lightgbm",1.62680885898728e-12,1.62680885898728e-12,1.62680885898728e-12,"LV"
"azar - red",0.000675115402498492,0.000450076934998994,0.000337557701249246,"LV"
"lightgbm - red",0.00126972383126824,0.000423241277089413,0.000423241277089413,"LV"
