"Comparison","bonferroni","holm","bh","equipo"
"azar - lightgbm",2.5041603206672e-09,2.5041603206672e-09,2.5041603206672e-09,"JAX"
"azar - red",1.82615270171129e-06,1.21743513447419e-06,9.13076350855643e-07,"JAX"
"lightgbm - red",0.750740792423587,0.250246930807862,0.250246930807862,"JAX"
