"Comparison","bonferroni","holm","bh","equipo"
"azar - lightgbm",9.89925543947613e-09,9.89925543947613e-09,9.89925543947613e-09,"WAS"
"azar - red",6.78435592398929e-07,4.5229039493262e-07,3.39217796199465e-07,"WAS"
"lightgbm - red",1,0.45960760193511,0.45960760193511,"WAS"
