"Comparison","bonferroni","holm","bh","equipo"
"azar - lightgbm",5.94872480269257e-12,5.94872480269257e-12,5.94872480269257e-12,"TB"
"azar - red",0.000248407059787021,0.000165604706524681,0.00012420352989351,"TB"
"lightgbm - red",0.00581465075367045,0.00193821691789015,0.00193821691789015,"TB"
