"Comparison","bonferroni","holm","bh","equipo"
"azar - lightgbm",1.61672288140177e-10,1.61672288140177e-10,1.61672288140177e-10,"PHI"
"azar - red",4.22217156327919e-05,2.81478104218612e-05,2.11108578163959e-05,"PHI"
"lightgbm - red",0.079855911652917,0.026618637217639,0.026618637217639,"PHI"
