"Comparison","bonferroni","holm","bh","equipo"
"azar - lightgbm",2.77278608501755e-05,1.84852405667837e-05,1.38639304250878e-05,"MIN"
"azar - red",5.57068670852097e-08,5.57068670852097e-08,5.57068670852097e-08,"MIN"
"lightgbm - red",0.701363993470874,0.233787997823625,0.233787997823625,"MIN"
