"Comparison","bonferroni","holm","bh","equipo"
"azar - lightgbm",1.76862051388625e-08,1.76862051388625e-08,1.76862051388625e-08,"NO"
"azar - red",1.20691682447492e-07,8.04611216316612e-08,6.03458412237459e-08,"NO"
"lightgbm - red",1,0.741504667999077,0.741504667999077,"NO"
