"Comparison","bonferroni","holm","bh","equipo"
"azar - lightgbm",8.23297782123975e-11,8.23297782123975e-11,8.23297782123975e-11,"GB"
"azar - red",0.0541726562748388,0.0180575520916129,0.0180575520916129,"GB"
"lightgbm - red",5.23513986010671e-05,3.49009324007114e-05,2.61756993005335e-05,"GB"
