"Comparison","bonferroni","holm","bh","equipo"
"azar - lightgbm",1.22842567616365e-07,8.18950450775766e-08,6.14212838081824e-08,"WAS"
"azar - red",1.3465055956297e-08,1.3465055956297e-08,1.3465055956297e-08,"WAS"
"lightgbm - red",1,0.705137783743988,0.705137783743988,"WAS"
