"Comparison","bonferroni","holm","bh","equipo"
"azar - lightgbm",4.60077546801082e-05,3.06718364534055e-05,2.30038773400541e-05,"SEA"
"azar - red",9.05443473912195e-11,9.05443473912195e-11,9.05443473912195e-11,"SEA"
"lightgbm - red",0.0607189303993314,0.0202396434664438,0.0202396434664438,"SEA"
