"Comparison","bonferroni","holm","bh","equipo"
"azar - lightgbm",3.16856575265876e-06,2.11237716843917e-06,1.58428287632938e-06,"LAC"
"azar - red",4.4421404288497e-09,4.4421404288497e-09,4.4421404288497e-09,"LAC"
"lightgbm - red",0.73135181063315,0.243783936877717,0.243783936877717,"LAC"
