"Comparison","bonferroni","holm","bh","equipo"
"azar - lightgbm",7.80983803573622e-08,7.80983803573622e-08,7.80983803573622e-08,"LAC"
"azar - red",9.64902346077122e-08,6.43268230718081e-08,4.82451173038561e-08,"LAC"
"lightgbm - red",1,0.970497097059229,0.970497097059229,"LAC"
