"Comparison","bonferroni","holm","bh","equipo"
"azar - lightgbm",4.79520119142742e-07,3.19680079428494e-07,2.39760059571371e-07,"GB"
"azar - red",1.69025004410763e-08,1.69025004410763e-08,1.69025004410763e-08,"GB"
"lightgbm - red",1,0.557592691770954,0.557592691770954,"GB"
