"Comparison","bonferroni","holm","bh","equipo"
"azar - lightgbm",4.59909483860034e-07,3.06606322573356e-07,2.29954741930017e-07,"DET"
"azar - red",6.37490342424172e-08,6.37490342424172e-08,6.37490342424172e-08,"DET"
"lightgbm - red",1,0.724119113718789,0.724119113718789,"DET"
