"Comparison","bonferroni","holm","bh","equipo"
"azar - lightgbm",1.32862036294265e-11,1.32862036294265e-11,1.32862036294265e-11,"LV"
"azar - red",0.000183764668231213,0.000122509778820809,9.18823341156065e-05,"LV"
"lightgbm - red",0.0106756617014129,0.00355855390047098,0.00355855390047098,"LV"
