"Comparison","bonferroni","holm","bh","equipo"
"azar - lightgbm",0.000476968444002421,0.000317978962668281,0.000238484222001211,"CHI"
"azar - red",5.96563984743662e-11,5.96563984743662e-11,5.96563984743662e-11,"CHI"
"lightgbm - red",0.0101600078525462,0.00338666928418205,0.00338666928418205,"CHI"
