"Comparison","bonferroni","holm","bh","equipo"
"azar - lightgbm",0.000722916631370336,0.000481944420913557,0.000361458315685168,"CIN"
"azar - red",1.1498289070955e-12,1.1498289070955e-12,1.1498289070955e-12,"CIN"
"lightgbm - red",0.000993287311805317,0.000331095770601772,0.000331095770601772,"CIN"
