"Comparison","bonferroni","holm","bh","equipo"
"azar - lightgbm",1.18656653456677e-12,1.18656653456677e-12,1.18656653456677e-12,"KC"
"azar - red",0.00027958185394848,0.00018638790263232,0.00013979092697424,"KC"
"lightgbm - red",0.0024293957839182,0.000809798594639399,0.000809798594639399,"KC"
