"Comparison","bonferroni","holm","bh","equipo"
"azar - lightgbm",4.89665636786735e-06,3.26443757857824e-06,2.44832818393368e-06,"DET"
"azar - red",2.3577019767142e-09,2.3577019767142e-09,2.3577019767142e-09,"DET"
"lightgbm - red",0.527762133929432,0.175920711309811,0.175920711309811,"DET"
