"Comparison","bonferroni","holm","bh","equipo"
"azar - lightgbm",0.000754033293873737,0.000502688862582491,0.000377016646936869,"CAR"
"azar - red",1.21789893604507e-12,1.21789893604507e-12,1.21789893604507e-12,"CAR"
"lightgbm - red",0.000981917628042428,0.000327305876014143,0.000327305876014143,"CAR"
