"Comparison","bonferroni","holm","bh","equipo"
"azar - lightgbm",1.04877328858671e-10,1.04877328858671e-10,1.04877328858671e-10,"ATL"
"azar - red",1.45275301884518e-05,9.68502012563455e-06,7.26376509422591e-06,"ATL"
"lightgbm - red",0.120360636608599,0.0401202122028662,0.0401202122028662,"ATL"
