"Comparison","bonferroni","holm","bh","equipo"
"azar - lightgbm",7.22635350415918e-13,7.22635350415918e-13,7.22635350415918e-13,"NYJ"
"azar - red",0.000750918154649147,0.000500612103099431,0.000250306051549716,"NYJ"
"lightgbm - red",0.000750918154649147,0.000250306051549716,0.000375459077324573,"NYJ"
