"Comparison","bonferroni","holm","bh","equipo"
"azar - lightgbm",0.000628164873262764,0.000418776582175176,0.000314082436631382,"NYG"
"azar - red",9.22368511227136e-13,9.22368511227136e-13,9.22368511227136e-13,"NYG"
"lightgbm - red",0.00101636650002151,0.000338788833340503,0.000338788833340503,"NYG"
