"Comparison","bonferroni","holm","bh","equipo"
"azar - lightgbm",0.000684669001226848,0.000456446000817899,0.000342334500613424,"NE"
"azar - red",6.91685458456608e-13,6.91685458456608e-13,6.91685458456608e-13,"NE"
"lightgbm - red",0.00080458892061725,0.000268196306872417,0.000268196306872417,"NE"
