"Comparison","bonferroni","holm","bh","equipo"
"azar - lightgbm",8.6309271660026e-10,8.6309271660026e-10,8.6309271660026e-10,"IND"
"azar - red",1.16702077206945e-05,7.780138480463e-06,5.83510386034725e-06,"IND"
"lightgbm - red",0.274178363074279,0.0913927876914264,0.0913927876914264,"IND"
