"Comparison","bonferroni","holm","bh","equipo"
"azar - lightgbm",0.000590489463415581,0.000393659642277054,0.000295244731707791,"CLE"
"azar - red",2.19018944355826e-12,2.19018944355826e-12,2.19018944355826e-12,"CLE"
"lightgbm - red",0.00167782342080041,0.000559274473600136,0.000559274473600136,"CLE"
