"Comparison","bonferroni","holm","bh","equipo"
"azar - lightgbm",3.75233364812678e-06,2.50155576541785e-06,1.87616682406339e-06,"BAL"
"azar - red",1.12463850528529e-09,1.12463850528529e-09,1.12463850528529e-09,"BAL"
"lightgbm - red",0.469690639521907,0.156563546507302,0.156563546507302,"BAL"
