"Comparison","bonferroni","holm","bh","equipo"
"azar - lightgbm",5.43434758185505e-06,3.62289838790337e-06,2.71717379092752e-06,"MIN"
"azar - red",3.26290752765806e-07,3.26290752765806e-07,3.26290752765806e-07,"MIN"
"lightgbm - red",1,0.590548211971872,0.590548211971872,"MIN"
