"Comparison","bonferroni","holm","bh","equipo"
"azar - lightgbm",1.53599402078158e-06,1.02399601385439e-06,7.6799701039079e-07,"BUF"
"azar - red",1,0.355998303118797,0.355998303118797,"BUF"
"lightgbm - red",8.304936155589e-09,8.304936155589e-09,8.304936155589e-09,"BUF"
