"Comparison","bonferroni","holm","bh","equipo"
"azar - lightgbm",2.99743427117569e-07,1.99828951411713e-07,1.49871713558784e-07,"BAL"
"azar - red",5.76987840237581e-08,5.76987840237581e-08,5.76987840237581e-08,"BAL"
"lightgbm - red",1,0.770375469637503,0.770375469637503,"BAL"
