"Comparison","bonferroni","holm","bh","equipo"
"azar - lightgbm",2.25778613808533e-05,1.50519075872356e-05,1.12889306904267e-05,"IND"
"azar - red",4.03096367499897e-10,4.03096367499897e-10,4.03096367499897e-10,"IND"
"lightgbm - red",0.155721415070552,0.0519071383568506,0.0519071383568506,"IND"
