"Comparison","bonferroni","holm","bh","equipo"
"azar - lightgbm",2.03781534447002e-07,1.35854356298001e-07,1.01890767223501e-07,"TB"
"azar - red",2.84121618932956e-08,2.84121618932956e-08,2.84121618932956e-08,"TB"
"lightgbm - red",1,0.731315715186765,0.731315715186765,"TB"
