"Comparison","bonferroni","holm","bh","equipo"
"azar - lightgbm",5.03439010570862e-10,5.03439010570862e-10,5.03439010570862e-10,"NO"
"azar - red",1.11859010079094e-05,7.45726733860627e-06,5.5929505039547e-06,"NO"
"lightgbm - red",0.234070411197579,0.078023470399193,0.078023470399193,"NO"
