"Comparison","bonferroni","holm","bh","equipo"
"azar - lightgbm",0.000469858342099249,0.000313238894732833,0.000234929171049624,"PIT"
"azar - red",1.93803193545134e-12,1.93803193545134e-12,1.93803193545134e-12,"PIT"
"lightgbm - red",0.00194838889388688,0.000649462964628961,0.000649462964628961,"PIT"
