"Comparison","bonferroni","holm","bh","equipo"
"azar - lightgbm",3.41333505945275e-06,2.27555670630183e-06,1.70666752972637e-06,"BUF"
"azar - red",1.65348878929542e-09,1.65348878929542e-09,1.65348878929542e-09,"BUF"
"lightgbm - red",0.543059052532052,0.181019684177351,0.181019684177351,"BUF"
