"Comparison","bonferroni","holm","bh","equipo"
"azar - lightgbm",8.82169665870216e-05,5.88113110580144e-05,4.41084832935108e-05,"LA"
"azar - red",3.99139478641421e-11,3.99139478641421e-11,3.99139478641421e-11,"LA"
"lightgbm - red",0.0290223794882963,0.00967412649609878,0.00967412649609878,"LA"
