"Comparison","bonferroni","holm","bh","equipo"
"azar - lightgbm",0.000761716445842794,0.000507810963895196,0.000380858222921397,"CHI"
"azar - red",2.63473903684319e-11,2.63473903684319e-11,2.63473903684319e-11,"CHI"
"lightgbm - red",0.00462257514126395,0.00154085838042132,0.00154085838042132,"CHI"
