"Comparison","bonferroni","holm","bh","equipo"
"azar - lightgbm",6.94402982768363e-07,4.62935321845575e-07,3.47201491384181e-07,"PIT"
"azar - red",8.51177540054016e-09,8.51177540054016e-09,8.51177540054016e-09,"PIT"
"lightgbm - red",1,0.442107554139491,0.442107554139491,"PIT"
