"Comparison","bonferroni","holm","bh","equipo"
"azar - lightgbm",0.000539816047240977,0.000359877364827318,0.000269908023620488,"ARI"
"azar - red",4.27311436143568e-12,4.27311436143568e-12,4.27311436143568e-12,"ARI"
"lightgbm - red",0.00254955186692824,0.000849850622309412,0.000849850622309412,"ARI"
