"Comparison","bonferroni","holm","bh","equipo"
"azar - lightgbm",5.25918515628659e-06,3.50612343752439e-06,2.62959257814329e-06,"HOU"
"azar - red",9.32105246130854e-10,9.32105246130854e-10,9.32105246130854e-10,"HOU"
"lightgbm - red",0.390568460360943,0.130189486786981,0.130189486786981,"HOU"
