"Comparison","bonferroni","holm","bh","equipo"
"azar - lightgbm",0.00130427449020014,0.000434758163400045,0.000434758163400045,"DAL"
"azar - red",2.19902723935831e-12,2.19902723935831e-12,2.19902723935831e-12,"DAL"
"lightgbm - red",0.000771247345692818,0.000514164897128546,0.000385623672846409,"DAL"
