"Comparison","bonferroni","holm","bh","equipo"
"azar - lightgbm",0.000795944359583212,0.000530629573055475,0.000265314786527737,"GB"
"azar - red",9.02589575920832e-13,9.02589575920832e-13,9.02589575920832e-13,"GB"
"lightgbm - red",0.000795944359583212,0.000265314786527737,0.000397972179791606,"GB"
