"Comparison","bonferroni","holm","bh","equipo"
"azar - lightgbm",1.21691359581769e-11,1.21691359581769e-11,1.21691359581769e-11,"BUF"
"azar - red",0.0100233768121928,0.00334112560406426,0.00334112560406426,"BUF"
"lightgbm - red",0.000189443554316611,0.000126295702877741,9.47217771583057e-05,"BUF"
