"Comparison","bonferroni","holm","bh","equipo"
"azar - lightgbm",6.59588050371083e-11,6.59588050371083e-11,6.59588050371083e-11,"MIA"
"azar - red",4.92724212642235e-05,3.28482808428157e-05,2.46362106321117e-05,"MIA"
"lightgbm - red",0.0514441459265179,0.0171480486421726,0.0171480486421726,"MIA"
