"Comparison","bonferroni","holm","bh","equipo"
"azar - lightgbm",6.78402585889818e-05,4.52268390593212e-05,3.39201292944909e-05,"PIT"
"azar - red",3.58684369531127e-11,3.58684369531127e-11,3.58684369531127e-11,"PIT"
"lightgbm - red",0.0329384099681947,0.0109794699893982,0.0109794699893982,"PIT"
