"Comparison","bonferroni","holm","bh","equipo"
"azar - lightgbm",6.33577021394843e-11,6.33577021394843e-11,6.33577021394843e-11,"NO"
"azar - red",3.42579109269967e-05,2.28386072846645e-05,1.71289554634984e-05,"NO"
"lightgbm - red",0.0627178339281506,0.0209059446427169,0.0209059446427169,"NO"
