"Comparison","bonferroni","holm","bh","equipo"
"azar - lightgbm",1.02316963327144e-11,1.02316963327144e-11,1.02316963327144e-11,"PHI"
"azar - red",0.000385335133243539,0.000256890088829026,0.00019266756662177,"PHI"
"lightgbm - red",0.00523964333109801,0.00174654777703267,0.00174654777703267,"PHI"
