"Comparison","bonferroni","holm","bh","equipo"
"azar - lightgbm",2.31490069617248e-06,1.54326713078165e-06,1.15745034808624e-06,"DEN"
"azar - red",3.57076756999917e-09,3.57076756999917e-09,3.57076756999917e-09,"DEN"
"lightgbm - red",0.763931220827182,0.254643740275728,0.254643740275728,"DEN"
