"Comparison","bonferroni","holm","bh","equipo"
"azar - lightgbm",2.69275341977562e-11,2.69275341977562e-11,2.69275341977562e-11,"SEA"
"azar - red",0.0217603431911368,0.00725344773037892,0.00725344773037892,"SEA"
"lightgbm - red",0.000105535854696215,7.03572364641433e-05,5.27679273481075e-05,"SEA"
