"Comparison","bonferroni","holm","bh","equipo"
"azar - lightgbm",0.000544973204941967,0.000363315469961311,0.000272486602470984,"DEN"
"azar - red",1.64683789881093e-12,1.64683789881093e-12,1.64683789881093e-12,"DEN"
"lightgbm - red",0.00156515455212441,0.000521718184041469,0.000521718184041469,"DEN"
