"Comparison","bonferroni","holm","bh","equipo"
"azar - lightgbm",0.000272803402263869,0.00018186893484258,0.000136401701131935,"LA"
"azar - red",7.99177180993508e-12,7.99177180993508e-12,7.99177180993508e-12,"LA"
"lightgbm - red",0.00619307833971485,0.00206435944657162,0.00206435944657162,"LA"
