"Comparison","bonferroni","holm","bh","equipo"
"azar - lightgbm",0.000723532057688654,0.000482354705125769,0.000241177352562885,"NE"
"azar - red",6.27035025371826e-13,6.27035025371826e-13,6.27035025371826e-13,"NE"
"lightgbm - red",0.000723532057688654,0.000241177352562885,0.000361766028844327,"NE"
