"Comparison","bonferroni","holm","bh","equipo"
"azar - lightgbm",3.07849079124005e-08,3.07849079124005e-08,3.07849079124005e-08,"ATL"
"azar - red",2.53978748853162e-07,1.69319165902108e-07,1.26989374426581e-07,"ATL"
"lightgbm - red",1,0.711798500456641,0.711798500456641,"ATL"
