"Comparison","bonferroni","holm","bh","equipo"
"azar - lightgbm",0.000954281314364532,0.000318093771454844,0.000318093771454844,"ARI"
"azar - red",1.63188844038808e-12,1.63188844038808e-12,1.63188844038808e-12,"ARI"
"lightgbm - red",0.000905443537228202,0.000603629024818802,0.000452721768614101,"ARI"
