"Comparison","bonferroni","holm","bh","equipo"
"azar - lightgbm",8.31577632577826e-05,5.54385088385217e-05,4.15788816288913e-05,"ARI"
"azar - red",7.73608401578978e-11,7.73608401578978e-11,7.73608401578978e-11,"ARI"
"lightgbm - red",0.039705069420361,0.0132350231401203,0.0132350231401203,"ARI"
