"Comparison","bonferroni","holm","bh","equipo"
"azar - lightgbm",1.64496746471462e-12,1.64496746471462e-12,1.64496746471462e-12,"LV"
"azar - red",0.000907286801700778,0.000604857867800518,0.000453643400850389,"LV"
"lightgbm - red",0.000956336641806906,0.000318778880602302,0.000318778880602302,"LV"
