"Comparison","bonferroni","holm","bh","equipo"
"azar - lightgbm",9.69928516628186e-05,6.46619011085457e-05,4.84964258314093e-05,"MIN"
"azar - red",3.39577103054015e-09,3.39577103054015e-09,3.39577103054015e-09,"MIN"
"lightgbm - red",0.159632220081205,0.0532107400270683,0.0532107400270683,"MIN"
