"Comparison","bonferroni","holm","bh","equipo"
"azar - lightgbm",0.000143620038034178,9.57466920227855e-05,7.18100190170891e-05,"NYG"
"azar - red",7.14371967864093e-12,7.14371967864093e-12,7.14371967864093e-12,"NYG"
"lightgbm - red",0.00970932132797311,0.0032364404426577,0.0032364404426577,"NYG"
