"Comparison","bonferroni","holm","bh","equipo"
"azar - lightgbm",1.45510602528336e-12,1.45510602528336e-12,1.45510602528336e-12,"MIA"
"azar - red",0.000587689280304919,0.000391792853536613,0.00029384464015246,"MIA"
"lightgbm - red",0.00136891227538345,0.000456304091794482,0.000456304091794482,"MIA"
