"Comparison","bonferroni","holm","bh","equipo"
"azar - lightgbm",0.000691922432164571,0.000461281621443048,0.000345961216082286,"CAR"
"azar - red",1.45648785090718e-12,1.45648785090718e-12,1.45648785090718e-12,"CAR"
"lightgbm - red",0.00117138437274603,0.000390461457582009,0.000390461457582009,"CAR"
