"Comparison","bonferroni","holm","bh","equipo"
"azar - lightgbm",1.25932175347463e-12,1.25932175347463e-12,1.25932175347463e-12,"TEN"
"azar - red",0.00200240211357035,0.000667467371190115,0.000667467371190115,"TEN"
"lightgbm - red",0.000359564492574198,0.000239709661716132,0.000179782246287099,"TEN"
