"Comparison","bonferroni","holm","bh","equipo"
"azar - lightgbm",6.50823498398276e-06,4.33882332265517e-06,3.25411749199138e-06,"DAL"
"azar - red",1.11087674942937e-08,1.11087674942937e-08,1.11087674942937e-08,"DAL"
"lightgbm - red",0.738171973547895,0.246057324515965,0.246057324515965,"DAL"
