"Comparison","bonferroni","holm","bh","equipo"
"azar - lightgbm",1.72818810427237e-06,1.15212540284825e-06,8.64094052136186e-07,"DET"
"azar - red",1.58175482857129e-08,1.58175482857129e-08,1.58175482857129e-08,"DET"
"lightgbm - red",1,0.401323081234395,0.401323081234395,"DET"
