"Comparison","bonferroni","holm","bh","equipo"
"azar - lightgbm",4.72217731360619e-13,4.72217731360619e-13,4.72217731360619e-13,"TEN"
"azar - red",0.000728861315787118,0.000242953771929039,0.000242953771929039,"TEN"
"lightgbm - red",0.000618910529300755,0.000412607019533837,0.000309455264650378,"TEN"
