"Comparison","bonferroni","holm","bh","equipo"
"azar - lightgbm",6.92797902026958e-09,6.92797902026958e-09,6.92797902026958e-09,"BAL"
"azar - red",8.59322862530739e-07,5.72881908353826e-07,4.2966143126537e-07,"BAL"
"lightgbm - red",1,0.399649415237016,0.399649415237016,"BAL"
