"Comparison","bonferroni","holm","bh","equipo"
"azar - lightgbm",0.000806656714187355,0.00053777114279157,0.000268885571395785,"CIN"
"azar - red",9.49853261649885e-13,9.49853261649885e-13,9.49853261649885e-13,"CIN"
"lightgbm - red",0.000806656714187355,0.000268885571395785,0.000403328357093678,"CIN"
