"Comparison","bonferroni","holm","bh","equipo"
"azar - lightgbm",0.000109983154612254,7.33221030748359e-05,5.49915773061269e-05,"CHI"
"azar - red",6.96282462112898e-10,6.96282462112898e-10,6.96282462112898e-10,"CHI"
"lightgbm - red",0.08113410056425,0.0270447001880833,0.0270447001880833,"CHI"
