"Comparison","bonferroni","holm","bh","equipo"
"azar - lightgbm",0.000733377656989412,0.000488918437992941,0.000244459218996471,"SF"
"azar - red",6.60257684178044e-13,6.60257684178044e-13,6.60257684178044e-13,"SF"
"lightgbm - red",0.000733377656989412,0.000244459218996471,0.000366688828494706,"SF"
