"equipo","p.value","shapiro","levene","bartlett"
"LAC",3.5331069226518e-81,5.63902690323325e-11,3.01520550053301e-15,0
