"equipo","p.value","shapiro","levene","bartlett"
"MIN",1.49678469327435e-58,3.58565913784926e-09,2.50470219115452e-09,0
