"equipo","p.value","shapiro","levene","bartlett"
"NYJ",2.86965346445419e-90,2.07840629146777e-10,1.97139251387165e-15,0
