"equipo","p.value","shapiro","levene","bartlett"
"ARI",4.55399454655435e-83,8.36596741299069e-08,1.93621068142388e-10,0
