"equipo","p.value","shapiro","levene","bartlett"
"LA",1.74055669517618e-56,2.23490174706472e-14,2.3925750571024e-19,0
