"equipo","p.value","shapiro","levene","bartlett"
"BUF",2.70973728236222e-43,2.81894022223737e-09,2.19502951486425e-09,0
