"equipo","p.value","shapiro","levene","bartlett"
"TEN",3.42342944485332e-91,5.70365179435557e-10,4.78713924034154e-16,0
