"equipo","p.value","shapiro","levene","bartlett"
"NYJ",2.86965346446173e-90,2.07840629146937e-10,1.97139251387159e-15,0
