"equipo","p.value","shapiro","levene","bartlett"
"IND",2.71712817889273e-60,6.10901323225136e-10,1.31801429774243e-13,0
