"equipo","p.value","shapiro","levene","bartlett"
"WAS",2.90963076822589e-97,8.94565795377444e-12,3.4052908131654e-08,0
