"equipo","p.value","shapiro","levene","bartlett"
"CHI",1.71102020612069e-78,1.75848765026334e-08,3.58789336855969e-12,0
