"equipo","p.value","shapiro","levene","bartlett"
"DET",6.40138713855762e-66,7.5909133930547e-12,6.12305371492565e-10,0
