"equipo","p.value","shapiro","levene","bartlett"
"BUF",2.70973728236128e-43,2.81894022223454e-09,2.1950295148645e-09,0
