"equipo","p.value","shapiro","levene","bartlett"
"CLE",3.00284779303243e-55,3.41751523782109e-09,3.36611653623378e-11,0
