"equipo","p.value","shapiro","levene","bartlett"
"PIT",2.16793176553885e-121,9.17447195301897e-10,3.38699325433433e-16,0
