"equipo","p.value","shapiro","levene","bartlett"
"BAL",6.69072244602719e-88,1.53427354350367e-11,1.87898055687948e-09,0
