"equipo","p.value","shapiro","levene","bartlett"
"MIN",1.49678469327342e-58,3.58565913784778e-09,2.50470219115457e-09,0
