"equipo","p.value","shapiro","levene","bartlett"
"LV",1.72149694345114e-56,6.33715856115013e-10,5.5982230717654e-14,0
