"equipo","p.value","shapiro","levene","bartlett"
"DAL",4.7972425850096e-91,4.41268132533137e-09,2.85067151256271e-12,0
