"equipo","p.value","shapiro","levene","bartlett"
"ATL",1.50253749241299e-61,7.40125834392322e-11,3.3671292806295e-10,0
