"equipo","p.value","shapiro","levene","bartlett"
"DAL",4.79724258500092e-91,4.41268132533119e-09,2.85067151256425e-12,0
