"equipo","p.value","shapiro","levene","bartlett"
"LA",1.74055669517739e-56,2.2349017470639e-14,2.39257505710333e-19,0
