"equipo","p.value","shapiro","levene","bartlett"
"PHI",1.07487192769876e-72,1.03825673502378e-11,7.88117168178583e-12,0
