"equipo","p.value","shapiro","levene","bartlett"
"SF",1.69573723691481e-94,4.43271510075823e-09,8.78425329290411e-20,0
