"equipo","p.value","shapiro","levene","bartlett"
"LV",1.72149694344366e-56,6.33715856114964e-10,5.598223071763e-14,0
