"equipo","p.value","shapiro","levene","bartlett"
"SEA",1.83448080545357e-102,3.06758214852523e-08,8.46878324664941e-12,0
