"equipo","p.value","shapiro","levene","bartlett"
"NO",6.93615766431421e-155,2.03323645209338e-10,9.65415782522934e-13,0
