"equipo","p.value","shapiro","levene","bartlett"
"ATL",1.50253749241442e-61,7.40125834392951e-11,3.36712928062957e-10,0
