"equipo","p.value","shapiro","levene","bartlett"
"KC",1.5133037379194e-132,1.18815617814677e-11,9.33807265286278e-15,0
