"equipo","p.value","shapiro","levene","bartlett"
"NYJ",2.8696534644636e-90,2.0784062914775e-10,1.97139251387134e-15,0
