"equipo","p.value","shapiro","levene","bartlett"
"PHI",1.07487192769722e-72,1.03825673502368e-11,7.88117168179008e-12,0
