"equipo","p.value","shapiro","levene","bartlett"
"HOU",7.83595234670906e-118,2.83964908471087e-08,2.49760264816305e-09,0
