"equipo","p.value","shapiro","levene","bartlett"
"TB",6.00585780133612e-105,2.21587444058668e-14,3.32368878584073e-11,0
