"equipo","p.value","shapiro","levene","bartlett"
"HOU",7.83595234668465e-118,2.83964908470783e-08,2.49760264816256e-09,0
