"equipo","p.value","shapiro","levene","bartlett"
"LA",1.74055669517613e-56,2.23490174706097e-14,2.39257505710423e-19,0
