"equipo","p.value","shapiro","levene","bartlett"
"LV",1.72149694345128e-56,6.33715856114834e-10,5.5982230717665e-14,0
