"equipo","p.value","shapiro","levene","bartlett"
"KC",1.51330373790525e-132,1.18815617815314e-11,9.33807265285864e-15,0
