"equipo","p.value","shapiro","levene","bartlett"
"SEA",1.83448080545819e-102,3.06758214852918e-08,8.46878324665094e-12,0
