"equipo","p.value","shapiro","levene","bartlett"
"NE",7.81082535821316e-93,1.98951367376176e-11,8.92876001660241e-16,0
