"equipo","p.value","shapiro","levene","bartlett"
"HOU",7.83595234665402e-118,2.83964908470599e-08,2.49760264816318e-09,0
