"equipo","p.value","shapiro","levene","bartlett"
"DET",6.40138713853206e-66,7.59091339304453e-12,6.1230537149271e-10,0
