"equipo","p.value","shapiro","levene","bartlett"
"CAR",3.69687558027669e-40,3.15681538557744e-11,4.12947848336468e-12,0
