"equipo","p.value","shapiro","levene","bartlett"
"TB",6.00585780132932e-105,2.2158744405855e-14,3.32368878584175e-11,0
