"equipo","p.value","shapiro","levene","bartlett"
"DEN",1.05701111689531e-102,1.10302413968259e-12,2.62599304039558e-13,0
