"equipo","p.value","shapiro","levene","bartlett"
"CLE",3.00284779303058e-55,3.41751523782115e-09,3.36611653623455e-11,0
