"equipo","p.value","shapiro","levene","bartlett"
"CIN",5.29933098912591e-78,4.83465495421526e-10,4.29367604663924e-14,0
