"equipo","p.value","shapiro","levene","bartlett"
"ARI",4.55399454656978e-83,8.36596741301518e-08,1.93621068142288e-10,0
