"equipo","p.value","shapiro","levene","bartlett"
"CLE",3.00284779303706e-55,3.41751523782565e-09,3.36611653623383e-11,0
