"equipo","p.value","shapiro","levene","bartlett"
"SF",1.69573723691831e-94,4.43271510076097e-09,8.78425329290227e-20,0
