"equipo","p.value","shapiro","levene","bartlett"
"MIA",2.43120638357177e-70,4.10096659535133e-12,3.26245233521928e-08,0
