"equipo","p.value","shapiro","levene","bartlett"
"BAL",6.69072244603116e-88,1.53427354350368e-11,1.87898055687814e-09,0
