"equipo","p.value","shapiro","levene","bartlett"
"DET",6.4013871385254e-66,7.59091339304119e-12,6.12305371492554e-10,0
