"equipo","p.value","shapiro","levene","bartlett"
"CAR",3.69687558027181e-40,3.1568153855756e-11,4.12947848336661e-12,0
