"equipo","p.value","shapiro","levene","bartlett"
"LAC",3.53310692265948e-81,5.63902690323283e-11,3.01520550053333e-15,0
