"equipo","p.value","shapiro","levene","bartlett"
"SF",1.69573723691616e-94,4.43271510075392e-09,8.78425329290889e-20,0
