"equipo","p.value","shapiro","levene","bartlett"
"MIA",2.43120638357328e-70,4.10096659535659e-12,3.26245233522006e-08,0
