"equipo","p.value","shapiro","levene","bartlett"
"DAL",4.79724258500594e-91,4.41268132533179e-09,2.85067151256091e-12,0
