"equipo","p.value","shapiro","levene","bartlett"
"KC",1.51330373790662e-132,1.18815617814952e-11,9.33807265286333e-15,0
