"equipo","p.value","shapiro","levene","bartlett"
"ATL",1.50253749241109e-61,7.40125834391778e-11,3.36712928062972e-10,0
