"equipo","p.value","shapiro","levene","bartlett"
"NYG",2.94766719358173e-49,1.04711335645054e-13,3.11794530339185e-09,0
