"equipo","p.value","shapiro","levene","bartlett"
"PHI",1.07487192769537e-72,1.03825673502273e-11,7.88117168178246e-12,0
