"equipo","p.value","shapiro","levene","bartlett"
"NO",6.93615766430673e-155,2.03323645209353e-10,9.65415782523563e-13,0
