"equipo","p.value","shapiro","levene","bartlett"
"DEN",1.05701111689361e-102,1.10302413968294e-12,2.62599304039366e-13,0
