"equipo","p.value","shapiro","levene","bartlett"
"DEN",1.05701111688913e-102,1.10302413968292e-12,2.62599304039536e-13,0
