"equipo","p.value","shapiro","levene","bartlett"
"TEN",3.42342944485796e-91,5.7036517943645e-10,4.7871392403408e-16,0
