"equipo","p.value","shapiro","levene","bartlett"
"CAR",3.69687558027484e-40,3.15681538557732e-11,4.12947848336532e-12,0
