"equipo","p.value","shapiro","levene","bartlett"
"PIT",2.16793176553111e-121,9.1744719530253e-10,3.38699325433827e-16,0
