"equipo","p.value","shapiro","levene","bartlett"
"NYG",2.9476671935826e-49,1.04711335645086e-13,3.11794530339103e-09,0
