"equipo","p.value","shapiro","levene","bartlett"
"CIN",5.29933098911918e-78,4.83465495422339e-10,4.29367604664065e-14,0
