"equipo","p.value","shapiro","levene","bartlett"
"GB",4.0315841608162e-85,3.794663674383e-11,3.03222337327186e-14,0
