"equipo","p.value","shapiro","levene","bartlett"
"GB",4.03158416080778e-85,3.79466367437928e-11,3.03222337327063e-14,0
