"equipo","p.value","shapiro","levene","bartlett"
"WAS",2.90963076820418e-97,8.94565795373272e-12,3.40529081316611e-08,0
