"equipo","p.value","shapiro","levene","bartlett"
"NO",6.93615766433153e-155,2.03323645210092e-10,9.65415782523261e-13,0
