"equipo","p.value","shapiro","levene","bartlett"
"IND",2.7171281788925e-60,6.10901323225515e-10,1.31801429774192e-13,0
