"equipo","p.value","shapiro","levene","bartlett"
"CHI",1.71102020611968e-78,1.7584876502621e-08,3.58789336856004e-12,0
