"equipo","p.value","shapiro","levene","bartlett"
"JAX",1.54883443977102e-140,2.45615851041431e-16,1.47711247941717e-17,0
