"equipo","p.value","shapiro","levene","bartlett"
"PIT",2.16793176553651e-121,9.17447195302565e-10,3.3869932543353e-16,0
