"equipo","p.value","shapiro","levene","bartlett"
"JAX",1.54883443976944e-140,2.45615851041492e-16,1.47711247942011e-17,0
