"equipo","p.value","shapiro","levene","bartlett"
"MIA",2.43120638357212e-70,4.10096659535237e-12,3.26245233521902e-08,0
