"equipo","p.value","shapiro","levene","bartlett"
"SEA",1.8344808054545e-102,3.06758214852254e-08,8.46878324665144e-12,0
