"equipo","p.value","shapiro","levene","bartlett"
"NYG",2.94766719358523e-49,1.04711335644987e-13,3.11794530339192e-09,0
