"equipo","p.value","shapiro","levene","bartlett"
"BAL",6.69072244616555e-88,1.53427354348718e-11,1.8789805568784e-09,0
