"equipo","p.value","shapiro","levene","bartlett"
"MIN",1.49678469327502e-58,3.58565913785009e-09,2.50470219115441e-09,0
