"equipo","p.value","shapiro","levene","bartlett"
"CIN",5.29933098912412e-78,4.83465495421811e-10,4.2936760466398e-14,0
