"equipo","p.value","shapiro","levene","bartlett"
"JAX",1.54883443977198e-140,2.45615851041751e-16,1.47711247941954e-17,0
