"equipo","p.value","shapiro","levene","bartlett"
"BUF",2.70973728236275e-43,2.81894022223571e-09,2.19502951486448e-09,0
