"equipo","p.value","shapiro","levene","bartlett"
"NE",7.81082535818998e-93,1.98951367376284e-11,8.92876001660015e-16,0
