"equipo","p.value","shapiro","levene","bartlett"
"NE",7.81082535823369e-93,1.98951367376377e-11,8.92876001659962e-16,0
