"equipo","p.value","shapiro","levene","bartlett"
"TEN",3.42342944485554e-91,5.70365179435364e-10,4.78713924034093e-16,0
