"equipo","p.value","shapiro","levene","bartlett"
"LAC",3.53310692264741e-81,5.63902690323018e-11,3.01520550053173e-15,0
