"equipo","p.value","shapiro","levene","bartlett"
"IND",2.71712817889593e-60,6.10901323225728e-10,1.31801429774221e-13,0
