"equipo","p.value","shapiro","levene","bartlett"
"WAS",2.90963076820434e-97,8.94565795373811e-12,3.40529081316645e-08,0
