"equipo","p.value","shapiro","levene","bartlett"
"GB",4.03158416080721e-85,3.79466367437867e-11,3.03222337326965e-14,0
