"equipo","p.value","shapiro","levene","bartlett"
"TB",6.00585780133782e-105,2.21587444058617e-14,3.32368878584124e-11,0
