"equipo","p.value","shapiro","levene","bartlett"
"NYJ",5.42980191709342e-12,0.0994321375443709,0.315576484187908,0.630767774391041
