"equipo","p.value","shapiro","levene","bartlett"
"CIN",1.36448409205914e-59,0.0126411892234476,0.628581335506425,0.298022506700834
