"equipo","p.value","shapiro","levene","bartlett"
"MIA",8.52646866643408e-23,0.0511803485012852,0.00800716178122782,0.000366502409274049
