"equipo","p.value","shapiro","levene","bartlett"
"CHI",4.66800586167659e-25,0.00115024273585767,0.135069228936671,0.0151848857743306
