"equipo","p.value","shapiro","levene","bartlett"
"DEN",1.13930944598081e-30,0.000734053561498935,0.175205149343882,0.00407478511977178
