"equipo","p.value","shapiro","levene","bartlett"
"PIT",7.27368027105199e-31,1.24922466045192e-05,0.00810306165311715,1.8094053281569e-05
