"equipo","p.value","shapiro","levene","bartlett"
"NE",1.98505257230341e-38,0.0443126588986515,0.000129595091133808,0.000103584514905468
