"equipo","p.value","shapiro","levene","bartlett"
"NYG",5.21135376696903e-07,1.11830571050153e-07,0.140531808808584,0.00084846127275597
