"equipo","p.value","shapiro","levene","bartlett"
"LA",3.30228852978797e-30,0.058670404600653,0.062042159304474,0.00263463275212876
