"equipo","p.value","shapiro","levene","bartlett"
"DET",1.33222426094696e-20,0.0278767001522967,0.000163402676417143,3.71917538336775e-05
