"equipo","p.value","shapiro","levene","bartlett"
"PHI",7.34659149549931e-15,4.04848395737645e-05,0.00649146033546919,1.48699810679355e-05
