"equipo","p.value","shapiro","levene","bartlett"
"PIT",7.27368027105097e-31,1.24922466045201e-05,0.00810306165311868,1.80940532815742e-05
