"equipo","p.value","shapiro","levene","bartlett"
"LV",3.58239477660182e-34,0.000256329304711347,0.00835603418080301,1.90167877584608e-06
