"equipo","p.value","shapiro","levene","bartlett"
"NO",8.3362034825059e-59,0.450432003237792,0.258075115524948,0.0781638955515112
