"equipo","p.value","shapiro","levene","bartlett"
"CAR",8.28692792943888e-46,0.137038171499734,0.272487983404982,0.0883924281068978
