"equipo","p.value","shapiro","levene","bartlett"
"CAR",8.28692792943596e-46,0.137038171499693,0.272487983404972,0.0883924281069011
