"equipo","p.value","shapiro","levene","bartlett"
"HOU",2.1432802808345e-42,0.104782201855385,0.00036683049020131,8.11359301034345e-05
