"equipo","p.value","shapiro","levene","bartlett"
"CHI",4.66800586167536e-25,0.00115024273585703,0.135069228936669,0.0151848857743287
