"equipo","p.value","shapiro","levene","bartlett"
"ATL",5.06668195000135e-19,0.00884292361366285,0.143316036450588,0.0148376941184927
