"equipo","p.value","shapiro","levene","bartlett"
"JAX",2.04073011918829e-33,0.00200477635186831,3.60702654323259e-15,2.2985739815369e-12
