"equipo","p.value","shapiro","levene","bartlett"
"LAC",7.05528494576836e-48,5.07485169243076e-06,0.111989465205091,0.00104716892622545
