"equipo","p.value","shapiro","levene","bartlett"
"ARI",4.48931454420462e-22,0.161381454321744,0.155120890528794,0.0328001530900284
