"equipo","p.value","shapiro","levene","bartlett"
"WAS",1.84044360215802e-36,0.305118087478016,0.760382628789523,0.692162708325244
