"equipo","p.value","shapiro","levene","bartlett"
"ATL",5.06668195000292e-19,0.00884292361366562,0.143316036450598,0.0148376941184939
