"equipo","p.value","shapiro","levene","bartlett"
"JAX",2.04073011918789e-33,0.00200477635186831,3.60702654323113e-15,2.29857398153678e-12
