"equipo","p.value","shapiro","levene","bartlett"
"CIN",1.36448409205898e-59,0.0126411892234415,0.628581335506471,0.29802250670087
