"equipo","p.value","shapiro","levene","bartlett"
"BUF",2.01853827200982e-17,0.00690783669505949,7.81413568180279e-05,1.97421411303918e-06
