"equipo","p.value","shapiro","levene","bartlett"
"DAL",3.13628404319256e-16,0.0579321708827022,0.00128434694557369,0.000152399703095208
