"equipo","p.value","shapiro","levene","bartlett"
"TB",1.45159723187185e-34,0.0175920104097056,0.0471790082855467,0.0189824927520932
