"equipo","p.value","shapiro","levene","bartlett"
"MIA",8.52646866643585e-23,0.0511803485012889,0.00800716178122738,0.000366502409274049
