"equipo","p.value","shapiro","levene","bartlett"
"CIN",1.36448409205844e-59,0.0126411892234328,0.628581335506456,0.29802250670087
