"equipo","p.value","shapiro","levene","bartlett"
"LV",3.58239477660177e-34,0.000256329304711544,0.00835603418080398,1.90167877584655e-06
