"equipo","p.value","shapiro","levene","bartlett"
"TB",1.45159723187303e-34,0.0175920104097072,0.0471790082855447,0.0189824927520939
