"equipo","p.value","shapiro","levene","bartlett"
"SEA",1.19955022264329e-14,0.00335033502329354,0.00992039890250525,0.000191374947690121
