"equipo","p.value","shapiro","levene","bartlett"
"HOU",2.14328028083513e-42,0.104782201855368,0.000366830490201402,8.11359301034728e-05
