"equipo","p.value","shapiro","levene","bartlett"
"TEN",1.69714298126389e-21,0.00102407876759463,0.35607907002701,0.0446900187374333
