"equipo","p.value","shapiro","levene","bartlett"
"MIA",8.52646866643751e-23,0.0511803485012782,0.00800716178122822,0.000366502409274083
