"equipo","p.value","shapiro","levene","bartlett"
"CAR",8.28692792943666e-46,0.13703817149972,0.272487983404991,0.0883924281069109
