"equipo","p.value","shapiro","levene","bartlett"
"PIT",7.27368027104975e-31,1.24922466045202e-05,0.00810306165311925,1.80940532815777e-05
