"equipo","p.value","shapiro","levene","bartlett"
"SF",2.07560120252497e-55,5.32683917704536e-05,0.0272593983079359,1.9781560135262e-06
