"equipo","p.value","shapiro","levene","bartlett"
"BUF",2.01853827200943e-17,0.00690783669505766,7.81413568180154e-05,1.97421411303909e-06
