"equipo","p.value","shapiro","levene","bartlett"
"WAS",1.84044360215851e-36,0.30511808747789,0.760382628789528,0.692162708325258
