"equipo","p.value","shapiro","levene","bartlett"
"CLE",1.74900867814103e-14,4.48915773543149e-08,0.622019063512523,0.000614707389936178
