"equipo","p.value","shapiro","levene","bartlett"
"ARI",4.48931454420416e-22,0.161381454321805,0.15512089052878,0.0328001530900258
