"equipo","p.value","shapiro","levene","bartlett"
"NYG",5.21135376696852e-07,1.11830571050168e-07,0.140531808808571,0.000848461272755815
