"equipo","p.value","shapiro","levene","bartlett"
"KC",6.94228111090197e-43,0.45952671037087,0.548641565265075,0.316219013108851
