"equipo","p.value","shapiro","levene","bartlett"
"BAL",2.10503562623271e-48,2.65055845210432e-07,0.000806231519392044,2.11741710572821e-10
