"equipo","p.value","shapiro","levene","bartlett"
"CLE",1.74900867814027e-14,4.48915773543286e-08,0.622019063512553,0.000614707389936291
