"equipo","p.value","shapiro","levene","bartlett"
"NO",8.3362034825026e-59,0.450432003237842,0.258075115524953,0.0781638955515171
