"equipo","p.value","shapiro","levene","bartlett"
"LAC",7.05528494577374e-48,5.07485169243411e-06,0.1119894652051,0.0010471689262256
