"equipo","p.value","shapiro","levene","bartlett"
"BAL",2.10503562623283e-48,2.65055845210343e-07,0.000806231519391916,2.11741710572767e-10
