"equipo","p.value","shapiro","levene","bartlett"
"DAL",3.13628404319277e-16,0.0579321708827134,0.00128434694557404,0.000152399703095244
