"equipo","p.value","shapiro","levene","bartlett"
"GB",5.61555153094147e-28,0.00999483939293966,0.140704213605873,0.0279137822941668
