"equipo","p.value","shapiro","levene","bartlett"
"CHI",4.66800586167588e-25,0.00115024273585737,0.135069228936673,0.01518488577433
