"equipo","p.value","shapiro","levene","bartlett"
"NYG",5.21135376696907e-07,1.11830571050197e-07,0.140531808808592,0.000848461272756046
