"equipo","p.value","shapiro","levene","bartlett"
"LV",3.58239477660227e-34,0.000256329304711488,0.00835603418080396,1.90167877584636e-06
