"equipo","p.value","shapiro","levene","bartlett"
"GB",5.61555153094131e-28,0.00999483939293398,0.140704213605879,0.027913782294169
