"equipo","p.value","shapiro","levene","bartlett"
"WAS",1.84044360215867e-36,0.305118087477796,0.760382628789518,0.692162708325231
