"equipo","p.value","shapiro","levene","bartlett"
"DEN",1.13930944598062e-30,0.000734053561498864,0.17520514934388,0.00407478511977161
