"equipo","p.value","shapiro","levene","bartlett"
"KC",6.94228111089845e-43,0.459526710370869,0.548641565265051,0.316219013108832
