"equipo","p.value","shapiro","levene","bartlett"
"LAC",7.05528494576856e-48,5.0748516924314e-06,0.111989465205101,0.0010471689262255
