"equipo","p.value","shapiro","levene","bartlett"
"PHI",7.34659149549951e-15,4.04848395737585e-05,0.00649146033547049,1.48699810679398e-05
