"equipo","p.value","shapiro","levene","bartlett"
"IND",1.06086028477614e-29,0.0357689590647637,0.156357608400016,0.0059434000271461
