"equipo","p.value","shapiro","levene","bartlett"
"SF",2.07560120252526e-55,5.32683917704225e-05,0.027259398307935,1.97815601352561e-06
