"equipo","p.value","shapiro","levene","bartlett"
"ATL",5.06668195000005e-19,0.00884292361366296,0.143316036450595,0.0148376941184939
