"equipo","p.value","shapiro","levene","bartlett"
"BAL",2.10503562623235e-48,2.65055845210335e-07,0.000806231519391914,2.11741710572735e-10
