"equipo","p.value","shapiro","levene","bartlett"
"DET",1.33222426094694e-20,0.0278767001522903,0.000163402676417137,3.71917538336792e-05
