"equipo","p.value","shapiro","levene","bartlett"
"SF",2.0756012025245e-55,5.32683917704161e-05,0.0272593983079355,1.97815601352552e-06
