"equipo","p.value","shapiro","levene","bartlett"
"NO",8.3362034825026e-59,0.450432003237956,0.258075115524936,0.0781638955515054
