"equipo","p.value","shapiro","levene","bartlett"
"BUF",2.01853827200887e-17,0.00690783669505946,7.81413568180169e-05,1.97421411303928e-06
