"equipo","p.value","shapiro","levene","bartlett"
"ARI",4.48931454420493e-22,0.161381454321774,0.155120890528777,0.0328001530900205
