"equipo","p.value","shapiro","levene","bartlett"
"NYJ",5.42980191708687e-12,0.0994321375444038,0.315576484187894,0.630767774391055
