"equipo","p.value","shapiro","levene","bartlett"
"NE",1.9850525723038e-38,0.0443126588986629,0.000129595091133785,0.000103584514905468
