"equipo","p.value","shapiro","levene","bartlett"
"HOU",2.14328028083507e-42,0.104782201855411,0.000366830490201439,8.1135930103469e-05
