"equipo","p.value","shapiro","levene","bartlett"
"JAX",2.04073011918806e-33,0.00200477635186865,3.60702654323202e-15,2.29857398153713e-12
