"equipo","p.value","shapiro","levene","bartlett"
"CLE",1.74900867814048e-14,4.48915773543244e-08,0.62201906351255,0.000614707389936346
