"equipo","p.value","shapiro","levene","bartlett"
"TEN",1.69714298126516e-21,0.00102407876759515,0.356079070027004,0.044690018737435
