"equipo","p.value","shapiro","levene","bartlett"
"NYJ",5.4298019170872e-12,0.0994321375444429,0.315576484187919,0.630767774391041
