"equipo","p.value","shapiro","levene","bartlett"
"SEA",1.19955022264323e-14,0.00335033502329354,0.00992039890250532,0.000191374947690121
