"equipo","p.value","shapiro","levene","bartlett"
"NE",1.9850525723033e-38,0.0443126588986485,0.000129595091133825,0.000103584514905478
