"equipo","p.value","shapiro","levene","bartlett"
"KC",6.94228111090031e-43,0.459526710370599,0.548641565265041,0.316219013108832
