"equipo","p.value","shapiro","levene","bartlett"
"MIN",1.71714983946264e-19,0.256303042329669,0.00101499468409603,0.00136915169017982
