"equipo","p.value","shapiro","levene","bartlett"
"PHI",7.34659149549986e-15,4.04848395737478e-05,0.0064914603354701,1.48699810679369e-05
