"equipo","p.value","shapiro","levene","bartlett"
"LA",3.30228852978838e-30,0.0586704046006677,0.0620421593044711,0.00263463275212841
