"equipo","p.value","shapiro","levene","bartlett"
"MIN",1.7171498394626e-19,0.256303042329667,0.00101499468409604,0.00136915169017988
