"equipo","p.value","shapiro","levene","bartlett"
"DET",1.33222426094682e-20,0.0278767001522971,0.000163402676417127,3.71917538336775e-05
