"equipo","p.value","shapiro","levene","bartlett"
"MIN",1.71714983946252e-19,0.256303042329716,0.00101499468409611,0.00136915169018006
