"equipo","p.value","shapiro","levene","bartlett"
"LA",3.30228852978811e-30,0.0586704046006682,0.0620421593044682,0.00263463275212806
