"equipo","p.value","shapiro","levene","bartlett"
"IND",1.06086028477642e-29,0.0357689590647359,0.156357608400006,0.00594340002714481
