"equipo","p.value","shapiro","levene","bartlett"
"TEN",1.69714298126395e-21,0.00102407876759513,0.356079070027028,0.0446900187374403
