"equipo","p.value","shapiro","levene","bartlett"
"SEA",1.19955022264344e-14,0.00335033502329319,0.00992039890250592,0.000191374947690103
