"equipo","p.value","shapiro","levene","bartlett"
"TB",1.45159723187199e-34,0.0175920104097093,0.0471790082855561,0.0189824927520979
