"equipo","p.value","shapiro","levene","bartlett"
"GB",5.61555153094092e-28,0.00999483939293286,0.14070421360588,0.027913782294169
