"equipo","p.value","shapiro","levene","bartlett"
"IND",1.06086028477663e-29,0.0357689590647645,0.156357608399996,0.00594340002714404
